============================================
Job started at: Tue Dec 16 11:58:41 CST 2025
Running on node: qgpu0202
Job ID: 3468154
============================================
Python 3.10.19
Tue Dec 16 11:58:41 2025       
+-----------------------------------------------------------------------------------------+
| NVIDIA-SMI 570.86.15              Driver Version: 570.86.15      CUDA Version: 12.8     |
|-----------------------------------------+------------------------+----------------------+
| GPU  Name                 Persistence-M | Bus-Id          Disp.A | Volatile Uncorr. ECC |
| Fan  Temp   Perf          Pwr:Usage/Cap |           Memory-Usage | GPU-Util  Compute M. |
|                                         |                        |               MIG M. |
|=========================================+========================+======================|
|   0  NVIDIA A100-PCIE-40GB          On  |   00000000:2F:00.0 Off |                    0 |
| N/A   20C    P0             30W /  250W |       1MiB /  40960MiB |      0%      Default |
|                                         |                        |             Disabled |
+-----------------------------------------+------------------------+----------------------+
                                                                                         
+-----------------------------------------------------------------------------------------+
| Processes:                                                                              |
|  GPU   GI   CI              PID   Type   Process name                        GPU Memory |
|        ID   ID                                                               Usage      |
|=========================================================================================|
|  No running processes found                                                             |
+-----------------------------------------------------------------------------------------+
============================================
✅ Using modern MuJoCo environments (no compilation needed!)
Using CUDA ..
{'eval_freq': 2000, 'eval_episodes': 50, 'max_trajectory_length': 50, 'max_timesteps': 200000.0, 'goal_threshold': 0.08}
replay_size: 20000
Logging to experiments/lunar/Dec-16-11-59-7
[36;1mSaving config:
[0m
{
    "eval_freq":	2000,
    "eval_episodes":	50,
    "max_trajectory_length":	50,
    "max_timesteps":	200000.0,
    "goal_threshold":	0.08,
    "obs_dim":	8,
    "goal_dim":	5,
    "independent_policy":	false,
    "action_space.n":	4,
    "action_space.granularity":	3,
    "env_name":	"lunar",
    "seed":	913,
    "save_dir":	"experiments/",
    "ckpt_name":	"Dec-16-11-59-7",
    "resume_ckpt":	"",
    "n_workers":	1,
    "num_rollouts_per_mpi":	1,
    "n_cycles":	40,
    "optimize_every":	50,
    "n_batches":	50,
    "target_update_freq":	10,
    "greedy_action":	true,
    "random_act_prob":	0.1,
    "buffer_size":	1000000,
    "future_p":	0.85,
    "next_state_p":	0.5,
    "relabeled_reward_only":	true,
    "batch_size":	256,
    "lr_actor":	0.0005,
    "start_policy_timesteps":	1000,
    "n_initial_rollouts":	200,
    "n_test_rollouts":	50,
    "gamma":	0.98,
    "polyak":	0.995,
    "use_dqn":	true,
    "double_dqn":	true,
    "backup_strategy":	"q_max",
    "backup_temp":	1.0,
    "backup_epsilon":	0.1,
    "reward_scale":	1.0,
    "reward_bias":	-1.0,
    "targ_clip":	true,
    "hdm_gamma":	0.6,
    "hdm_weights_min":	-5.0,
    "hdm_weights_max":	5.0,
    "hdm_q_coef":	1.0,
    "hdm_q_normalizer":	false,
    "hdm_online_o2":	true,
    "hdm_backup_strategy":	"act_2",
    "hdm_bc":	true,
    "hdm_weights_to_indicator":	true,
    "hdm_gamma_use_auto":	false,
    "hdm_weights_relabel_mask":	false,
    "NUM_MPI":	1
}
Epoch 1 eval | final dist 0.522 | success rate 0.100 | best success 0.100
ckpt_name: Dec-16-11-59-7
Epoch 1: Iter (out of 40)= 0 1 2 3 4 5 6 7 8 9 10 11 12 13 14 15 16 17 18 19 20 21 22 23 24 25 26 27 28 29 30 31 32 33 34 35 36 37 38 39
-----------------------------------------
| env_steps                 | 1.2e+04   |
| Epoch                     | 1         |
| exp_avg_reward            | 0.586     |
| exp_reward_avg            | 0.661     |
| hdm_gamma                 | 0.6       |
| hdm_gamma_auto            | 0.858     |
| hdm_gamma_zero_point      | 0.812     |
| hdm_q_o1                  | -0.708    |
| hdm_q_o2                  | -0.559    |
| hdm_q_to_minimize         | 0.00131   |
| hdm_weights               | -0.0581   |
| Inner_Test_AgChangeRatio  | 0.905     |
| Inner_Train_AgChangeRatio | 0.89      |
| log_hdm_gamma             | -0.511    |
| Loss_hdm                  | -0.000479 |
| Loss_her                  | 0.0703    |
| Loss_q                    | 0.0698    |
| offset                    | 6.11      |
| opt_steps                 | 2e+03     |
| q_bg                      | -0.708    |
| q_o2_a2                   | -0.171    |
| q_o2_eps_greedy           | -0.134    |
| q_o2_max                  | -0.128    |
| q_o2_soft                 | -0.182    |
| q_o2_soft_kl              | -0.183    |
| q_o2_targ                 | -0.171    |
| q_targ                    | -0.71     |
| replay_fill_ratio         | 0.012     |
| replay_size               | 240       |
| reward                    | -0.536    |
| TestAgChangeRatio         | 1         |
| TestBestSuccessRate       | 0.1       |
| TestFinalDist             | 0.522     |
| TestSuccessRate           | 0.1       |
| Time                      | 31.7      |
| TimePerSeqRollout         | 0.33      |
| TimePerTrainIter          | 0.00563   |
| TotalTimeSteps            | 1.2e+04   |
| TrainAgChangeRatio        | 1         |
| TrainSuccess              | 0.0583    |
-----------------------------------------
Epoch 2 eval | final dist 2.769 | success rate 0.000 | best success 0.100
ckpt_name: Dec-16-11-59-7
Epoch 2: Iter (out of 40)= 0 1 2 3 4 5 6 7 8 9 10 11 12 13 14 15 16 17 18 19 20 21 22 23 24 25 26 27 28 29 30 31 32 33 34 35 36 37 38 39
----------------------------------------
| env_steps                 | 1.4e+04  |
| Epoch                     | 2        |
| exp_avg_reward            | 0.585    |
| exp_reward_avg            | 0.661    |
| hdm_gamma                 | 0.6      |
| hdm_gamma_auto            | 0.858    |
| hdm_gamma_zero_point      | 0.617    |
| hdm_q_o1                  | -1.09    |
| hdm_q_o2                  | -0.815   |
| hdm_q_to_minimize         | 0.0137   |
| hdm_weights               | -0.224   |
| Inner_Test_AgChangeRatio  | 0.888    |
| Inner_Train_AgChangeRatio | 0.903    |
| log_hdm_gamma             | -0.511   |
| Loss_hdm                  | -0.00984 |
| Loss_her                  | 0.0468   |
| Loss_q                    | 0.037    |
| offset                    | 6.1      |
| opt_steps                 | 4e+03    |
| q_bg                      | -1.09    |
| q_o2_a2                   | -0.497   |
| q_o2_eps_greedy           | -0.481   |
| q_o2_max                  | -0.476   |
| q_o2_soft                 | -0.524   |
| q_o2_soft_kl              | -0.525   |
| q_o2_targ                 | -0.497   |
| q_targ                    | -1.09    |
| replay_fill_ratio         | 0.014    |
| replay_size               | 280      |
| reward                    | -0.536   |
| TestAgChangeRatio         | 1        |
| TestBestSuccessRate       | 0.1      |
| TestFinalDist             | 2.77     |
| TestSuccessRate           | 0        |
| Time                      | 46.8     |
| TimePerSeqRollout         | 0.309    |
| TimePerTrainIter          | 0.00519  |
| TotalTimeSteps            | 1.4e+04  |
| TrainAgChangeRatio        | 1        |
| TrainSuccess              | 0.05     |
----------------------------------------
Epoch 3 eval | final dist 0.404 | success rate 0.240 | best success 0.240
ckpt_name: Dec-16-11-59-7
Epoch 3: Iter (out of 40)= 0 1 2 3 4 5 6 7 8 9 10 11 12 13 14 15 16 17 18 19 20 21 22 23 24 25 26 27 28 29 30 31 32 33 34 35 36 37 38 39
----------------------------------------
| env_steps                 | 1.6e+04  |
| Epoch                     | 3        |
| exp_avg_reward            | 0.584    |
| exp_reward_avg            | 0.66     |
| hdm_gamma                 | 0.6      |
| hdm_gamma_auto            | 0.859    |
| hdm_gamma_zero_point      | 0.569    |
| hdm_q_o1                  | -1.49    |
| hdm_q_o2                  | -1.17    |
| hdm_q_to_minimize         | 0.0355   |
| hdm_weights               | -0.258   |
| Inner_Test_AgChangeRatio  | 0.882    |
| Inner_Train_AgChangeRatio | 0.896    |
| log_hdm_gamma             | -0.511   |
| Loss_hdm                  | -0.0205  |
| Loss_her                  | 0.0474   |
| Loss_q                    | 0.0269   |
| offset                    | 6.14     |
| opt_steps                 | 6e+03    |
| q_bg                      | -1.49    |
| q_o2_a2                   | -0.817   |
| q_o2_eps_greedy           | -0.811   |
| q_o2_max                  | -0.804   |
| q_o2_soft                 | -0.866   |
| q_o2_soft_kl              | -0.87    |
| q_o2_targ                 | -0.817   |
| q_targ                    | -1.49    |
| replay_fill_ratio         | 0.016    |
| replay_size               | 320      |
| reward                    | -0.538   |
| TestAgChangeRatio         | 1        |
| TestBestSuccessRate       | 0.24     |
| TestFinalDist             | 0.404    |
| TestSuccessRate           | 0.24     |
| Time                      | 62       |
| TimePerSeqRollout         | 0.309    |
| TimePerTrainIter          | 0.00519  |
| TotalTimeSteps            | 1.6e+04  |
| TrainAgChangeRatio        | 1        |
| TrainSuccess              | 0.025    |
----------------------------------------
Epoch 4 eval | final dist 0.506 | success rate 0.080 | best success 0.240
ckpt_name: Dec-16-11-59-7
Epoch 4: Iter (out of 40)= 0 1 2 3 4 5 6 7 8 9 10 11 12 13 14 15 16 17 18 19 20 21 22 23 24 25 26 27 28 29 30 31 32 33 34 35 36 37 38 39
----------------------------------------
| env_steps                 | 1.8e+04  |
| Epoch                     | 4        |
| exp_avg_reward            | 0.585    |
| exp_reward_avg            | 0.661    |
| hdm_gamma                 | 0.6      |
| hdm_gamma_auto            | 0.859    |
| hdm_gamma_zero_point      | 0.553    |
| hdm_q_o1                  | -1.85    |
| hdm_q_o2                  | -1.51    |
| hdm_q_to_minimize         | 0.0579   |
| hdm_weights               | -0.285   |
| Inner_Test_AgChangeRatio  | 0.893    |
| Inner_Train_AgChangeRatio | 0.886    |
| log_hdm_gamma             | -0.511   |
| Loss_hdm                  | -0.0347  |
| Loss_her                  | 0.0524   |
| Loss_q                    | 0.0178   |
| offset                    | 6.12     |
| opt_steps                 | 8e+03    |
| q_bg                      | -1.85    |
| q_o2_a2                   | -1.15    |
| q_o2_eps_greedy           | -1.15    |
| q_o2_max                  | -1.14    |
| q_o2_soft                 | -1.22    |
| q_o2_soft_kl              | -1.23    |
| q_o2_targ                 | -1.15    |
| q_targ                    | -1.85    |
| replay_fill_ratio         | 0.018    |
| replay_size               | 360      |
| reward                    | -0.536   |
| TestAgChangeRatio         | 1        |
| TestBestSuccessRate       | 0.24     |
| TestFinalDist             | 0.506    |
| TestSuccessRate           | 0.08     |
| Time                      | 77.2     |
| TimePerSeqRollout         | 0.308    |
| TimePerTrainIter          | 0.00519  |
| TotalTimeSteps            | 1.8e+04  |
| TrainAgChangeRatio        | 1        |
| TrainSuccess              | 0.025    |
----------------------------------------
Epoch 5 eval | final dist 0.694 | success rate 0.020 | best success 0.240
ckpt_name: Dec-16-11-59-7
Epoch 5: Iter (out of 40)= 0 1 2 3 4 5 6 7 8 9 10 11 12 13 14 15 16 17 18 19 20 21 22 23 24 25 26 27 28 29 30 31 32 33 34 35 36 37 38 39
----------------------------------------
| env_steps                 | 2e+04    |
| Epoch                     | 5        |
| exp_avg_reward            | 0.585    |
| exp_reward_avg            | 0.661    |
| hdm_gamma                 | 0.6      |
| hdm_gamma_auto            | 0.859    |
| hdm_gamma_zero_point      | 0.546    |
| hdm_q_o1                  | -2.21    |
| hdm_q_o2                  | -1.84    |
| hdm_q_to_minimize         | 0.0676   |
| hdm_weights               | -0.309   |
| Inner_Test_AgChangeRatio  | 0.884    |
| Inner_Train_AgChangeRatio | 0.887    |
| log_hdm_gamma             | -0.511   |
| Loss_hdm                  | -0.0427  |
| Loss_her                  | 0.0541   |
| Loss_q                    | 0.0114   |
| offset                    | 6.13     |
| opt_steps                 | 1e+04    |
| q_bg                      | -2.21    |
| q_o2_a2                   | -1.5     |
| q_o2_eps_greedy           | -1.5     |
| q_o2_max                  | -1.48    |
| q_o2_soft                 | -1.59    |
| q_o2_soft_kl              | -1.61    |
| q_o2_targ                 | -1.5     |
| q_targ                    | -2.21    |
| replay_fill_ratio         | 0.02     |
| replay_size               | 400      |
| reward                    | -0.537   |
| TestAgChangeRatio         | 1        |
| TestBestSuccessRate       | 0.24     |
| TestFinalDist             | 0.694    |
| TestSuccessRate           | 0.02     |
| Time                      | 92.2     |
| TimePerSeqRollout         | 0.308    |
| TimePerTrainIter          | 0.00519  |
| TotalTimeSteps            | 2e+04    |
| TrainAgChangeRatio        | 1        |
| TrainSuccess              | 0.075    |
----------------------------------------
Epoch 6 eval | final dist 1.102 | success rate 0.000 | best success 0.240
ckpt_name: Dec-16-11-59-7
Epoch 6: Iter (out of 40)= 0 1 2 3 4 5 6 7 8 9 10 11 12 13 14 15 16 17 18 19 20 21 22 23 24 25 26 27 28 29 30 31 32 33 34 35 36 37 38 39
----------------------------------------
| env_steps                 | 2.2e+04  |
| Epoch                     | 6        |
| exp_avg_reward            | 0.585    |
| exp_reward_avg            | 0.661    |
| hdm_gamma                 | 0.6      |
| hdm_gamma_auto            | 0.858    |
| hdm_gamma_zero_point      | 0.53     |
| hdm_q_o1                  | -2.54    |
| hdm_q_o2                  | -2.15    |
| hdm_q_to_minimize         | 0.0831   |
| hdm_weights               | -0.341   |
| Inner_Test_AgChangeRatio  | 0.861    |
| Inner_Train_AgChangeRatio | 0.876    |
| log_hdm_gamma             | -0.511   |
| Loss_hdm                  | -0.0536  |
| Loss_her                  | 0.058    |
| Loss_q                    | 0.00443  |
| offset                    | 6.12     |
| opt_steps                 | 1.2e+04  |
| q_bg                      | -2.54    |
| q_o2_a2                   | -1.83    |
| q_o2_eps_greedy           | -1.83    |
| q_o2_max                  | -1.82    |
| q_o2_soft                 | -1.94    |
| q_o2_soft_kl              | -1.96    |
| q_o2_targ                 | -1.83    |
| q_targ                    | -2.54    |
| replay_fill_ratio         | 0.022    |
| replay_size               | 440      |
| reward                    | -0.536   |
| TestAgChangeRatio         | 1        |
| TestBestSuccessRate       | 0.24     |
| TestFinalDist             | 1.1      |
| TestSuccessRate           | 0        |
| Time                      | 107      |
| TimePerSeqRollout         | 0.309    |
| TimePerTrainIter          | 0.00518  |
| TotalTimeSteps            | 2.2e+04  |
| TrainAgChangeRatio        | 1        |
| TrainSuccess              | 0        |
----------------------------------------
Epoch 7 eval | final dist 0.964 | success rate 0.060 | best success 0.240
ckpt_name: Dec-16-11-59-7
Epoch 7: Iter (out of 40)= 0 1 2 3 4 5 6 7 8 9 10 11 12 13 14 15 16 17 18 19 20 21 22 23 24 25 26 27 28 29 30 31 32 33 34 35 36 37 38 39
----------------------------------------
| env_steps                 | 2.4e+04  |
| Epoch                     | 7        |
| exp_avg_reward            | 0.585    |
| exp_reward_avg            | 0.661    |
| hdm_gamma                 | 0.6      |
| hdm_gamma_auto            | 0.858    |
| hdm_gamma_zero_point      | 0.517    |
| hdm_q_o1                  | -2.86    |
| hdm_q_o2                  | -2.43    |
| hdm_q_to_minimize         | 0.0986   |
| hdm_weights               | -0.376   |
| Inner_Test_AgChangeRatio  | 0.882    |
| Inner_Train_AgChangeRatio | 0.891    |
| log_hdm_gamma             | -0.511   |
| Loss_hdm                  | -0.066   |
| Loss_her                  | 0.0634   |
| Loss_q                    | -0.00261 |
| offset                    | 6.11     |
| opt_steps                 | 1.4e+04  |
| q_bg                      | -2.86    |
| q_o2_a2                   | -2.14    |
| q_o2_eps_greedy           | -2.14    |
| q_o2_max                  | -2.13    |
| q_o2_soft                 | -2.27    |
| q_o2_soft_kl              | -2.29    |
| q_o2_targ                 | -2.14    |
| q_targ                    | -2.86    |
| replay_fill_ratio         | 0.024    |
| replay_size               | 480      |
| reward                    | -0.537   |
| TestAgChangeRatio         | 1        |
| TestBestSuccessRate       | 0.24     |
| TestFinalDist             | 0.964    |
| TestSuccessRate           | 0.06     |
| Time                      | 122      |
| TimePerSeqRollout         | 0.307    |
| TimePerTrainIter          | 0.00518  |
| TotalTimeSteps            | 2.4e+04  |
| TrainAgChangeRatio        | 1        |
| TrainSuccess              | 0.1      |
----------------------------------------
Epoch 8 eval | final dist 1.714 | success rate 0.040 | best success 0.240
ckpt_name: Dec-16-11-59-7
Epoch 8: Iter (out of 40)= 0 1 2 3 4 5 6 7 8 9 10 11 12 13 14 15 16 17 18 19 20 21 22 23 24 25 26 27 28 29 30 31 32 33 34 35 36 37 38 39
----------------------------------------
| env_steps                 | 2.6e+04  |
| Epoch                     | 8        |
| exp_avg_reward            | 0.584    |
| exp_reward_avg            | 0.66     |
| hdm_gamma                 | 0.6      |
| hdm_gamma_auto            | 0.859    |
| hdm_gamma_zero_point      | 0.532    |
| hdm_q_o1                  | -3.16    |
| hdm_q_o2                  | -2.73    |
| hdm_q_to_minimize         | 0.108    |
| hdm_weights               | -0.389   |
| Inner_Test_AgChangeRatio  | 0.89     |
| Inner_Train_AgChangeRatio | 0.883    |
| log_hdm_gamma             | -0.511   |
| Loss_hdm                  | -0.0718  |
| Loss_her                  | 0.0658   |
| Loss_q                    | -0.00598 |
| offset                    | 6.12     |
| opt_steps                 | 1.6e+04  |
| q_bg                      | -3.16    |
| q_o2_a2                   | -2.44    |
| q_o2_eps_greedy           | -2.45    |
| q_o2_max                  | -2.43    |
| q_o2_soft                 | -2.59    |
| q_o2_soft_kl              | -2.62    |
| q_o2_targ                 | -2.44    |
| q_targ                    | -3.16    |
| replay_fill_ratio         | 0.026    |
| replay_size               | 520      |
| reward                    | -0.538   |
| TestAgChangeRatio         | 1        |
| TestBestSuccessRate       | 0.24     |
| TestFinalDist             | 1.71     |
| TestSuccessRate           | 0.04     |
| Time                      | 137      |
| TimePerSeqRollout         | 0.309    |
| TimePerTrainIter          | 0.00519  |
| TotalTimeSteps            | 2.6e+04  |
| TrainAgChangeRatio        | 1        |
| TrainSuccess              | 0.05     |
----------------------------------------
Epoch 9 eval | final dist 0.540 | success rate 0.040 | best success 0.240
ckpt_name: Dec-16-11-59-7
Epoch 9: Iter (out of 40)= 0 1 2 3 4 5 6 7 8 9 10 11 12 13 14 15 16 17 18 19 20 21 22 23 24 25 26 27 28 29 30 31 32 33 34 35 36 37 38 39
----------------------------------------
| env_steps                 | 2.8e+04  |
| Epoch                     | 9        |
| exp_avg_reward            | 0.585    |
| exp_reward_avg            | 0.66     |
| hdm_gamma                 | 0.6      |
| hdm_gamma_auto            | 0.859    |
| hdm_gamma_zero_point      | 0.536    |
| hdm_q_o1                  | -3.43    |
| hdm_q_o2                  | -2.98    |
| hdm_q_to_minimize         | 0.122    |
| hdm_weights               | -0.411   |
| Inner_Test_AgChangeRatio  | 0.877    |
| Inner_Train_AgChangeRatio | 0.881    |
| log_hdm_gamma             | -0.511   |
| Loss_hdm                  | -0.0807  |
| Loss_her                  | 0.0715   |
| Loss_q                    | -0.00928 |
| offset                    | 6.13     |
| opt_steps                 | 1.8e+04  |
| q_bg                      | -3.43    |
| q_o2_a2                   | -2.71    |
| q_o2_eps_greedy           | -2.73    |
| q_o2_max                  | -2.7     |
| q_o2_soft                 | -2.88    |
| q_o2_soft_kl              | -2.92    |
| q_o2_targ                 | -2.71    |
| q_targ                    | -3.43    |
| replay_fill_ratio         | 0.028    |
| replay_size               | 560      |
| reward                    | -0.537   |
| TestAgChangeRatio         | 1        |
| TestBestSuccessRate       | 0.24     |
| TestFinalDist             | 0.54     |
| TestSuccessRate           | 0.04     |
| Time                      | 152      |
| TimePerSeqRollout         | 0.309    |
| TimePerTrainIter          | 0.0052   |
| TotalTimeSteps            | 2.8e+04  |
| TrainAgChangeRatio        | 1        |
| TrainSuccess              | 0        |
----------------------------------------
Epoch 10 eval | final dist 0.845 | success rate 0.020 | best success 0.240
ckpt_name: Dec-16-11-59-7
Epoch 10: Iter (out of 40)= 0 1 2 3 4 5 6 7 8 9 10 11 12 13 14 15 16 17 18 19 20 21 22 23 24 25 26 27 28 29 30 31 32 33 34 35 36 37 38 39
----------------------------------------
| env_steps                 | 3e+04    |
| Epoch                     | 10       |
| exp_avg_reward            | 0.585    |
| exp_reward_avg            | 0.661    |
| hdm_gamma                 | 0.6      |
| hdm_gamma_auto            | 0.859    |
| hdm_gamma_zero_point      | 0.551    |
| hdm_q_o1                  | -3.68    |
| hdm_q_o2                  | -3.23    |
| hdm_q_to_minimize         | 0.131    |
| hdm_weights               | -0.413   |
| Inner_Test_AgChangeRatio  | 0.887    |
| Inner_Train_AgChangeRatio | 0.85     |
| log_hdm_gamma             | -0.511   |
| Loss_hdm                  | -0.0824  |
| Loss_her                  | 0.0737   |
| Loss_q                    | -0.00871 |
| offset                    | 6.13     |
| opt_steps                 | 2e+04    |
| q_bg                      | -3.68    |
| q_o2_a2                   | -2.97    |
| q_o2_eps_greedy           | -2.99    |
| q_o2_max                  | -2.96    |
| q_o2_soft                 | -3.16    |
| q_o2_soft_kl              | -3.2     |
| q_o2_targ                 | -2.97    |
| q_targ                    | -3.68    |
| replay_fill_ratio         | 0.03     |
| replay_size               | 600      |
| reward                    | -0.536   |
| TestAgChangeRatio         | 1        |
| TestBestSuccessRate       | 0.24     |
| TestFinalDist             | 0.845    |
| TestSuccessRate           | 0.02     |
| Time                      | 167      |
| TimePerSeqRollout         | 0.308    |
| TimePerTrainIter          | 0.0052   |
| TotalTimeSteps            | 3e+04    |
| TrainAgChangeRatio        | 1        |
| TrainSuccess              | 0.025    |
----------------------------------------
Epoch 11 eval | final dist 1.796 | success rate 0.000 | best success 0.240
ckpt_name: Dec-16-11-59-7
Epoch 11: Iter (out of 40)= 0 1 2 3 4 5 6 7 8 9 10 11 12 13 14 15 16 17 18 19 20 21 22 23 24 25 26 27 28 29 30 31 32 33 34 35 36 37 38 39
----------------------------------------
| env_steps                 | 3.2e+04  |
| Epoch                     | 11       |
| exp_avg_reward            | 0.585    |
| exp_reward_avg            | 0.66     |
| hdm_gamma                 | 0.6      |
| hdm_gamma_auto            | 0.859    |
| hdm_gamma_zero_point      | 0.562    |
| hdm_q_o1                  | -3.92    |
| hdm_q_o2                  | -3.47    |
| hdm_q_to_minimize         | 0.138    |
| hdm_weights               | -0.408   |
| Inner_Test_AgChangeRatio  | 0.886    |
| Inner_Train_AgChangeRatio | 0.878    |
| log_hdm_gamma             | -0.511   |
| Loss_hdm                  | -0.0834  |
| Loss_her                  | 0.075    |
| Loss_q                    | -0.00845 |
| offset                    | 6.14     |
| opt_steps                 | 2.2e+04  |
| q_bg                      | -3.92    |
| q_o2_a2                   | -3.23    |
| q_o2_eps_greedy           | -3.25    |
| q_o2_max                  | -3.22    |
| q_o2_soft                 | -3.43    |
| q_o2_soft_kl              | -3.48    |
| q_o2_targ                 | -3.23    |
| q_targ                    | -3.92    |
| replay_fill_ratio         | 0.032    |
| replay_size               | 640      |
| reward                    | -0.537   |
| TestAgChangeRatio         | 1        |
| TestBestSuccessRate       | 0.24     |
| TestFinalDist             | 1.8      |
| TestSuccessRate           | 0        |
| Time                      | 182      |
| TimePerSeqRollout         | 0.31     |
| TimePerTrainIter          | 0.00519  |
| TotalTimeSteps            | 3.2e+04  |
| TrainAgChangeRatio        | 1        |
| TrainSuccess              | 0.025    |
----------------------------------------
Epoch 12 eval | final dist 0.911 | success rate 0.060 | best success 0.240
ckpt_name: Dec-16-11-59-7
Epoch 12: Iter (out of 40)= 0 1 2 3 4 5 6 7 8 9 10 11 12 13 14 15 16 17 18 19 20 21 22 23 24 25 26 27 28 29 30 31 32 33 34 35 36 37 38 39
----------------------------------------
| env_steps                 | 3.4e+04  |
| Epoch                     | 12       |
| exp_avg_reward            | 0.584    |
| exp_reward_avg            | 0.66     |
| hdm_gamma                 | 0.6      |
| hdm_gamma_auto            | 0.859    |
| hdm_gamma_zero_point      | 0.568    |
| hdm_q_o1                  | -4.15    |
| hdm_q_o2                  | -3.7     |
| hdm_q_to_minimize         | 0.146    |
| hdm_weights               | -0.407   |
| Inner_Test_AgChangeRatio  | 0.87     |
| Inner_Train_AgChangeRatio | 0.893    |
| log_hdm_gamma             | -0.511   |
| Loss_hdm                  | -0.0881  |
| Loss_her                  | 0.0795   |
| Loss_q                    | -0.00864 |
| offset                    | 6.13     |
| opt_steps                 | 2.4e+04  |
| q_bg                      | -4.15    |
| q_o2_a2                   | -3.47    |
| q_o2_eps_greedy           | -3.49    |
| q_o2_max                  | -3.46    |
| q_o2_soft                 | -3.69    |
| q_o2_soft_kl              | -3.74    |
| q_o2_targ                 | -3.47    |
| q_targ                    | -4.15    |
| replay_fill_ratio         | 0.034    |
| replay_size               | 680      |
| reward                    | -0.538   |
| TestAgChangeRatio         | 1        |
| TestBestSuccessRate       | 0.24     |
| TestFinalDist             | 0.911    |
| TestSuccessRate           | 0.06     |
| Time                      | 197      |
| TimePerSeqRollout         | 0.309    |
| TimePerTrainIter          | 0.00519  |
| TotalTimeSteps            | 3.4e+04  |
| TrainAgChangeRatio        | 1        |
| TrainSuccess              | 0.05     |
----------------------------------------
Epoch 13 eval | final dist 0.483 | success rate 0.040 | best success 0.240
ckpt_name: Dec-16-11-59-7
Epoch 13: Iter (out of 40)= 0 1 2 3 4 5 6 7 8 9 10 11 12 13 14 15 16 17 18 19 20 21 22 23 24 25 26 27 28 29 30 31 32 33 34 35 36 37 38 39
----------------------------------------
| env_steps                 | 3.6e+04  |
| Epoch                     | 13       |
| exp_avg_reward            | 0.585    |
| exp_reward_avg            | 0.661    |
| hdm_gamma                 | 0.6      |
| hdm_gamma_auto            | 0.858    |
| hdm_gamma_zero_point      | 0.571    |
| hdm_q_o1                  | -4.35    |
| hdm_q_o2                  | -3.9     |
| hdm_q_to_minimize         | 0.153    |
| hdm_weights               | -0.405   |
| Inner_Test_AgChangeRatio  | 0.871    |
| Inner_Train_AgChangeRatio | 0.877    |
| log_hdm_gamma             | -0.511   |
| Loss_hdm                  | -0.0912  |
| Loss_her                  | 0.0804   |
| Loss_q                    | -0.0108  |
| offset                    | 6.12     |
| opt_steps                 | 2.6e+04  |
| q_bg                      | -4.35    |
| q_o2_a2                   | -3.68    |
| q_o2_eps_greedy           | -3.71    |
| q_o2_max                  | -3.67    |
| q_o2_soft                 | -3.91    |
| q_o2_soft_kl              | -3.96    |
| q_o2_targ                 | -3.68    |
| q_targ                    | -4.35    |
| replay_fill_ratio         | 0.036    |
| replay_size               | 720      |
| reward                    | -0.537   |
| TestAgChangeRatio         | 1        |
| TestBestSuccessRate       | 0.24     |
| TestFinalDist             | 0.483    |
| TestSuccessRate           | 0.04     |
| Time                      | 212      |
| TimePerSeqRollout         | 0.309    |
| TimePerTrainIter          | 0.00519  |
| TotalTimeSteps            | 3.6e+04  |
| TrainAgChangeRatio        | 1        |
| TrainSuccess              | 0.05     |
----------------------------------------
Epoch 14 eval | final dist 1.890 | success rate 0.020 | best success 0.240
ckpt_name: Dec-16-11-59-7
Epoch 14: Iter (out of 40)= 0 1 2 3 4 5 6 7 8 9 10 11 12 13 14 15 16 17 18 19 20 21 22 23 24 25 26 27 28 29 30 31 32 33 34 35 36 37 38 39
----------------------------------------
| env_steps                 | 3.8e+04  |
| Epoch                     | 14       |
| exp_avg_reward            | 0.585    |
| exp_reward_avg            | 0.661    |
| hdm_gamma                 | 0.6      |
| hdm_gamma_auto            | 0.858    |
| hdm_gamma_zero_point      | 0.558    |
| hdm_q_o1                  | -4.55    |
| hdm_q_o2                  | -4.09    |
| hdm_q_to_minimize         | 0.162    |
| hdm_weights               | -0.407   |
| Inner_Test_AgChangeRatio  | 0.886    |
| Inner_Train_AgChangeRatio | 0.886    |
| log_hdm_gamma             | -0.511   |
| Loss_hdm                  | -0.0958  |
| Loss_her                  | 0.0828   |
| Loss_q                    | -0.0129  |
| offset                    | 6.11     |
| opt_steps                 | 2.8e+04  |
| q_bg                      | -4.55    |
| q_o2_a2                   | -3.89    |
| q_o2_eps_greedy           | -3.92    |
| q_o2_max                  | -3.88    |
| q_o2_soft                 | -4.13    |
| q_o2_soft_kl              | -4.19    |
| q_o2_targ                 | -3.89    |
| q_targ                    | -4.55    |
| replay_fill_ratio         | 0.038    |
| replay_size               | 760      |
| reward                    | -0.536   |
| TestAgChangeRatio         | 1        |
| TestBestSuccessRate       | 0.24     |
| TestFinalDist             | 1.89     |
| TestSuccessRate           | 0.02     |
| Time                      | 227      |
| TimePerSeqRollout         | 0.309    |
| TimePerTrainIter          | 0.00519  |
| TotalTimeSteps            | 3.8e+04  |
| TrainAgChangeRatio        | 1        |
| TrainSuccess              | 0        |
----------------------------------------
Epoch 15 eval | final dist 0.613 | success rate 0.060 | best success 0.240
ckpt_name: Dec-16-11-59-7
Epoch 15: Iter (out of 40)= 0 1 2 3 4 5 6 7 8 9 10 11 12 13 14 15 16 17 18 19 20 21 22 23 24 25 26 27 28 29 30 31 32 33 34 35 36 37 38 39
----------------------------------------
| env_steps                 | 4e+04    |
| Epoch                     | 15       |
| exp_avg_reward            | 0.585    |
| exp_reward_avg            | 0.66     |
| hdm_gamma                 | 0.6      |
| hdm_gamma_auto            | 0.859    |
| hdm_gamma_zero_point      | 0.537    |
| hdm_q_o1                  | -4.75    |
| hdm_q_o2                  | -4.28    |
| hdm_q_to_minimize         | 0.168    |
| hdm_weights               | -0.411   |
| Inner_Test_AgChangeRatio  | 0.873    |
| Inner_Train_AgChangeRatio | 0.889    |
| log_hdm_gamma             | -0.511   |
| Loss_hdm                  | -0.0996  |
| Loss_her                  | 0.0869   |
| Loss_q                    | -0.0127  |
| offset                    | 6.14     |
| opt_steps                 | 3e+04    |
| q_bg                      | -4.75    |
| q_o2_a2                   | -4.09    |
| q_o2_eps_greedy           | -4.12    |
| q_o2_max                  | -4.08    |
| q_o2_soft                 | -4.34    |
| q_o2_soft_kl              | -4.4     |
| q_o2_targ                 | -4.09    |
| q_targ                    | -4.75    |
| replay_fill_ratio         | 0.04     |
| replay_size               | 800      |
| reward                    | -0.537   |
| TestAgChangeRatio         | 1        |
| TestBestSuccessRate       | 0.24     |
| TestFinalDist             | 0.613    |
| TestSuccessRate           | 0.06     |
| Time                      | 242      |
| TimePerSeqRollout         | 0.309    |
| TimePerTrainIter          | 0.00519  |
| TotalTimeSteps            | 4e+04    |
| TrainAgChangeRatio        | 1        |
| TrainSuccess              | 0.025    |
----------------------------------------
Epoch 16 eval | final dist 1.424 | success rate 0.020 | best success 0.240
ckpt_name: Dec-16-11-59-7
Epoch 16: Iter (out of 40)= 0 1 2 3 4 5 6 7 8 9 10 11 12 13 14 15 16 17 18 19 20 21 22 23 24 25 26 27 28 29 30 31 32 33 34 35 36 37 38 39
----------------------------------------
| env_steps                 | 4.2e+04  |
| Epoch                     | 16       |
| exp_avg_reward            | 0.585    |
| exp_reward_avg            | 0.661    |
| hdm_gamma                 | 0.6      |
| hdm_gamma_auto            | 0.859    |
| hdm_gamma_zero_point      | 0.53     |
| hdm_q_o1                  | -4.93    |
| hdm_q_o2                  | -4.46    |
| hdm_q_to_minimize         | 0.173    |
| hdm_weights               | -0.407   |
| Inner_Test_AgChangeRatio  | 0.874    |
| Inner_Train_AgChangeRatio | 0.865    |
| log_hdm_gamma             | -0.511   |
| Loss_hdm                  | -0.101   |
| Loss_her                  | 0.0882   |
| Loss_q                    | -0.0127  |
| offset                    | 6.14     |
| opt_steps                 | 3.2e+04  |
| q_bg                      | -4.93    |
| q_o2_a2                   | -4.27    |
| q_o2_eps_greedy           | -4.3     |
| q_o2_max                  | -4.26    |
| q_o2_soft                 | -4.52    |
| q_o2_soft_kl              | -4.59    |
| q_o2_targ                 | -4.27    |
| q_targ                    | -4.93    |
| replay_fill_ratio         | 0.042    |
| replay_size               | 840      |
| reward                    | -0.537   |
| TestAgChangeRatio         | 1        |
| TestBestSuccessRate       | 0.24     |
| TestFinalDist             | 1.42     |
| TestSuccessRate           | 0.02     |
| Time                      | 258      |
| TimePerSeqRollout         | 0.309    |
| TimePerTrainIter          | 0.00519  |
| TotalTimeSteps            | 4.2e+04  |
| TrainAgChangeRatio        | 1        |
| TrainSuccess              | 0.1      |
----------------------------------------
Epoch 17 eval | final dist 0.921 | success rate 0.000 | best success 0.240
ckpt_name: Dec-16-11-59-7
Epoch 17: Iter (out of 40)= 0 1 2 3 4 5 6 7 8 9 10 11 12 13 14 15 16 17 18 19 20 21 22 23 24 25 26 27 28 29 30 31 32 33 34 35 36 37 38 39
----------------------------------------
| env_steps                 | 4.4e+04  |
| Epoch                     | 17       |
| exp_avg_reward            | 0.585    |
| exp_reward_avg            | 0.661    |
| hdm_gamma                 | 0.6      |
| hdm_gamma_auto            | 0.859    |
| hdm_gamma_zero_point      | 0.505    |
| hdm_q_o1                  | -5.12    |
| hdm_q_o2                  | -4.65    |
| hdm_q_to_minimize         | 0.177    |
| hdm_weights               | -0.407   |
| Inner_Test_AgChangeRatio  | 0.892    |
| Inner_Train_AgChangeRatio | 0.868    |
| log_hdm_gamma             | -0.511   |
| Loss_hdm                  | -0.104   |
| Loss_her                  | 0.0903   |
| Loss_q                    | -0.0141  |
| offset                    | 6.13     |
| opt_steps                 | 3.4e+04  |
| q_bg                      | -5.12    |
| q_o2_a2                   | -4.47    |
| q_o2_eps_greedy           | -4.5     |
| q_o2_max                  | -4.46    |
| q_o2_soft                 | -4.72    |
| q_o2_soft_kl              | -4.8     |
| q_o2_targ                 | -4.47    |
| q_targ                    | -5.12    |
| replay_fill_ratio         | 0.044    |
| replay_size               | 880      |
| reward                    | -0.537   |
| TestAgChangeRatio         | 1        |
| TestBestSuccessRate       | 0.24     |
| TestFinalDist             | 0.921    |
| TestSuccessRate           | 0        |
| Time                      | 273      |
| TimePerSeqRollout         | 0.309    |
| TimePerTrainIter          | 0.0052   |
| TotalTimeSteps            | 4.4e+04  |
| TrainAgChangeRatio        | 1        |
| TrainSuccess              | 0.05     |
----------------------------------------
Epoch 18 eval | final dist 0.549 | success rate 0.040 | best success 0.240
ckpt_name: Dec-16-11-59-7
Epoch 18: Iter (out of 40)= 0 1 2 3 4 5 6 7 8 9 10 11 12 13 14 15 16 17 18 19 20 21 22 23 24 25 26 27 28 29 30 31 32 33 34 35 36 37 38 39
----------------------------------------
| env_steps                 | 4.6e+04  |
| Epoch                     | 18       |
| exp_avg_reward            | 0.585    |
| exp_reward_avg            | 0.661    |
| hdm_gamma                 | 0.6      |
| hdm_gamma_auto            | 0.859    |
| hdm_gamma_zero_point      | 0.477    |
| hdm_q_o1                  | -5.28    |
| hdm_q_o2                  | -4.81    |
| hdm_q_to_minimize         | 0.184    |
| hdm_weights               | -0.41    |
| Inner_Test_AgChangeRatio  | 0.892    |
| Inner_Train_AgChangeRatio | 0.875    |
| log_hdm_gamma             | -0.511   |
| Loss_hdm                  | -0.11    |
| Loss_her                  | 0.0936   |
| Loss_q                    | -0.0162  |
| offset                    | 6.12     |
| opt_steps                 | 3.6e+04  |
| q_bg                      | -5.28    |
| q_o2_a2                   | -4.64    |
| q_o2_eps_greedy           | -4.67    |
| q_o2_max                  | -4.63    |
| q_o2_soft                 | -4.89    |
| q_o2_soft_kl              | -4.97    |
| q_o2_targ                 | -4.64    |
| q_targ                    | -5.28    |
| replay_fill_ratio         | 0.046    |
| replay_size               | 920      |
| reward                    | -0.537   |
| TestAgChangeRatio         | 1        |
| TestBestSuccessRate       | 0.24     |
| TestFinalDist             | 0.549    |
| TestSuccessRate           | 0.04     |
| Time                      | 288      |
| TimePerSeqRollout         | 0.309    |
| TimePerTrainIter          | 0.0052   |
| TotalTimeSteps            | 4.6e+04  |
| TrainAgChangeRatio        | 1        |
| TrainSuccess              | 0.025    |
----------------------------------------
Epoch 19 eval | final dist 1.491 | success rate 0.060 | best success 0.240
ckpt_name: Dec-16-11-59-7
Epoch 19: Iter (out of 40)= 0 1 2 3 4 5 6 7 8 9 10 11 12 13 14 15 16 17 18 19 20 21 22 23 24 25 26 27 28 29 30 31 32 33 34 35 36 37 38 39
----------------------------------------
| env_steps                 | 4.8e+04  |
| Epoch                     | 19       |
| exp_avg_reward            | 0.585    |
| exp_reward_avg            | 0.661    |
| hdm_gamma                 | 0.6      |
| hdm_gamma_auto            | 0.858    |
| hdm_gamma_zero_point      | 0.395    |
| hdm_q_o1                  | -5.45    |
| hdm_q_o2                  | -4.96    |
| hdm_q_to_minimize         | 0.191    |
| hdm_weights               | -0.431   |
| Inner_Test_AgChangeRatio  | 0.857    |
| Inner_Train_AgChangeRatio | 0.882    |
| log_hdm_gamma             | -0.511   |
| Loss_hdm                  | -0.118   |
| Loss_her                  | 0.0965   |
| Loss_q                    | -0.0218  |
| offset                    | 6.1      |
| opt_steps                 | 3.8e+04  |
| q_bg                      | -5.45    |
| q_o2_a2                   | -4.8     |
| q_o2_eps_greedy           | -4.84    |
| q_o2_max                  | -4.79    |
| q_o2_soft                 | -5.06    |
| q_o2_soft_kl              | -5.15    |
| q_o2_targ                 | -4.8     |
| q_targ                    | -5.45    |
| replay_fill_ratio         | 0.048    |
| replay_size               | 960      |
| reward                    | -0.536   |
| TestAgChangeRatio         | 1        |
| TestBestSuccessRate       | 0.24     |
| TestFinalDist             | 1.49     |
| TestSuccessRate           | 0.06     |
| Time                      | 304      |
| TimePerSeqRollout         | 0.309    |
| TimePerTrainIter          | 0.0052   |
| TotalTimeSteps            | 4.8e+04  |
| TrainAgChangeRatio        | 1        |
| TrainSuccess              | 0.025    |
----------------------------------------
Epoch 20 eval | final dist 1.235 | success rate 0.040 | best success 0.240
ckpt_name: Dec-16-11-59-7
Epoch 20: Iter (out of 40)= 0 1 2 3 4 5 6 7 8 9 10 11 12 13 14 15 16 17 18 19 20 21 22 23 24 25 26 27 28 29 30 31 32 33 34 35 36 37 38 39
----------------------------------------
| env_steps                 | 5e+04    |
| Epoch                     | 20       |
| exp_avg_reward            | 0.585    |
| exp_reward_avg            | 0.66     |
| hdm_gamma                 | 0.6      |
| hdm_gamma_auto            | 0.859    |
| hdm_gamma_zero_point      | 0.328    |
| hdm_q_o1                  | -5.64    |
| hdm_q_o2                  | -5.12    |
| hdm_q_to_minimize         | 0.198    |
| hdm_weights               | -0.445   |
| Inner_Test_AgChangeRatio  | 0.87     |
| Inner_Train_AgChangeRatio | 0.868    |
| log_hdm_gamma             | -0.511   |
| Loss_hdm                  | -0.126   |
| Loss_her                  | 0.1      |
| Loss_q                    | -0.0263  |
| offset                    | 6.14     |
| opt_steps                 | 4e+04    |
| q_bg                      | -5.64    |
| q_o2_a2                   | -4.98    |
| q_o2_eps_greedy           | -5.02    |
| q_o2_max                  | -4.97    |
| q_o2_soft                 | -5.24    |
| q_o2_soft_kl              | -5.34    |
| q_o2_targ                 | -4.98    |
| q_targ                    | -5.64    |
| replay_fill_ratio         | 0.05     |
| replay_size               | 1e+03    |
| reward                    | -0.537   |
| TestAgChangeRatio         | 1        |
| TestBestSuccessRate       | 0.24     |
| TestFinalDist             | 1.23     |
| TestSuccessRate           | 0.04     |
| Time                      | 319      |
| TimePerSeqRollout         | 0.309    |
| TimePerTrainIter          | 0.0052   |
| TotalTimeSteps            | 5e+04    |
| TrainAgChangeRatio        | 1        |
| TrainSuccess              | 0.125    |
----------------------------------------
Epoch 21 eval | final dist 0.660 | success rate 0.000 | best success 0.240
ckpt_name: Dec-16-11-59-7
Epoch 21: Iter (out of 40)= 0 1 2 3 4 5 6 7 8 9 10 11 12 13 14 15 16 17 18 19 20 21 22 23 24 25 26 27 28 29 30 31 32 33 34 35 36 37 38 39
----------------------------------------
| env_steps                 | 5.2e+04  |
| Epoch                     | 21       |
| exp_avg_reward            | 0.585    |
| exp_reward_avg            | 0.661    |
| hdm_gamma                 | 0.6      |
| hdm_gamma_auto            | 0.858    |
| hdm_gamma_zero_point      | 0.316    |
| hdm_q_o1                  | -5.75    |
| hdm_q_o2                  | -5.23    |
| hdm_q_to_minimize         | 0.204    |
| hdm_weights               | -0.45    |
| Inner_Test_AgChangeRatio  | 0.896    |
| Inner_Train_AgChangeRatio | 0.878    |
| log_hdm_gamma             | -0.511   |
| Loss_hdm                  | -0.13    |
| Loss_her                  | 0.103    |
| Loss_q                    | -0.0268  |
| offset                    | 6.1      |
| opt_steps                 | 4.2e+04  |
| q_bg                      | -5.75    |
| q_o2_a2                   | -5.08    |
| q_o2_eps_greedy           | -5.13    |
| q_o2_max                  | -5.07    |
| q_o2_soft                 | -5.34    |
| q_o2_soft_kl              | -5.45    |
| q_o2_targ                 | -5.08    |
| q_targ                    | -5.75    |
| replay_fill_ratio         | 0.052    |
| replay_size               | 1.04e+03 |
| reward                    | -0.536   |
| TestAgChangeRatio         | 1        |
| TestBestSuccessRate       | 0.24     |
| TestFinalDist             | 0.66     |
| TestSuccessRate           | 0        |
| Time                      | 335      |
| TimePerSeqRollout         | 0.311    |
| TimePerTrainIter          | 0.00521  |
| TotalTimeSteps            | 5.2e+04  |
| TrainAgChangeRatio        | 1        |
| TrainSuccess              | 0.125    |
----------------------------------------
Epoch 22 eval | final dist 0.369 | success rate 0.040 | best success 0.240
ckpt_name: Dec-16-11-59-7
Epoch 22: Iter (out of 40)= 0 1 2 3 4 5 6 7 8 9 10 11 12 13 14 15 16 17 18 19 20 21 22 23 24 25 26 27 28 29 30 31 32 33 34 35 36 37 38 39
----------------------------------------
| env_steps                 | 5.4e+04  |
| Epoch                     | 22       |
| exp_avg_reward            | 0.585    |
| exp_reward_avg            | 0.661    |
| hdm_gamma                 | 0.6      |
| hdm_gamma_auto            | 0.859    |
| hdm_gamma_zero_point      | 0.268    |
| hdm_q_o1                  | -5.93    |
| hdm_q_o2                  | -5.4     |
| hdm_q_to_minimize         | 0.21     |
| hdm_weights               | -0.455   |
| Inner_Test_AgChangeRatio  | 0.892    |
| Inner_Train_AgChangeRatio | 0.878    |
| log_hdm_gamma             | -0.511   |
| Loss_hdm                  | -0.135   |
| Loss_her                  | 0.106    |
| Loss_q                    | -0.0287  |
| offset                    | 6.13     |
| opt_steps                 | 4.4e+04  |
| q_bg                      | -5.93    |
| q_o2_a2                   | -5.26    |
| q_o2_eps_greedy           | -5.3     |
| q_o2_max                  | -5.25    |
| q_o2_soft                 | -5.52    |
| q_o2_soft_kl              | -5.64    |
| q_o2_targ                 | -5.26    |
| q_targ                    | -5.93    |
| replay_fill_ratio         | 0.054    |
| replay_size               | 1.08e+03 |
| reward                    | -0.537   |
| TestAgChangeRatio         | 1        |
| TestBestSuccessRate       | 0.24     |
| TestFinalDist             | 0.369    |
| TestSuccessRate           | 0.04     |
| Time                      | 350      |
| TimePerSeqRollout         | 0.31     |
| TimePerTrainIter          | 0.00522  |
| TotalTimeSteps            | 5.4e+04  |
| TrainAgChangeRatio        | 1        |
| TrainSuccess              | 0.05     |
----------------------------------------
Epoch 23 eval | final dist 1.748 | success rate 0.020 | best success 0.240
ckpt_name: Dec-16-11-59-7
Epoch 23: Iter (out of 40)= 0 1 2 3 4 5 6 7 8 9 10 11 12 13 14 15 16 17 18 19 20 21 22 23 24 25 26 27 28 29 30 31 32 33 34 35 36 37 38 39
----------------------------------------
| env_steps                 | 5.6e+04  |
| Epoch                     | 23       |
| exp_avg_reward            | 0.585    |
| exp_reward_avg            | 0.661    |
| hdm_gamma                 | 0.6      |
| hdm_gamma_auto            | 0.858    |
| hdm_gamma_zero_point      | 0.266    |
| hdm_q_o1                  | -6.07    |
| hdm_q_o2                  | -5.55    |
| hdm_q_to_minimize         | 0.214    |
| hdm_weights               | -0.451   |
| Inner_Test_AgChangeRatio  | 0.896    |
| Inner_Train_AgChangeRatio | 0.882    |
| log_hdm_gamma             | -0.511   |
| Loss_hdm                  | -0.136   |
| Loss_her                  | 0.108    |
| Loss_q                    | -0.028   |
| offset                    | 6.12     |
| opt_steps                 | 4.6e+04  |
| q_bg                      | -6.07    |
| q_o2_a2                   | -5.4     |
| q_o2_eps_greedy           | -5.45    |
| q_o2_max                  | -5.39    |
| q_o2_soft                 | -5.67    |
| q_o2_soft_kl              | -5.79    |
| q_o2_targ                 | -5.4     |
| q_targ                    | -6.07    |
| replay_fill_ratio         | 0.056    |
| replay_size               | 1.12e+03 |
| reward                    | -0.536   |
| TestAgChangeRatio         | 1        |
| TestBestSuccessRate       | 0.24     |
| TestFinalDist             | 1.75     |
| TestSuccessRate           | 0.02     |
| Time                      | 365      |
| TimePerSeqRollout         | 0.31     |
| TimePerTrainIter          | 0.00522  |
| TotalTimeSteps            | 5.6e+04  |
| TrainAgChangeRatio        | 1        |
| TrainSuccess              | 0.125    |
----------------------------------------
Epoch 24 eval | final dist 0.657 | success rate 0.060 | best success 0.240
ckpt_name: Dec-16-11-59-7
Epoch 24: Iter (out of 40)= 0 1 2 3 4 5 6 7 8 9 10 11 12 13 14 15 16 17 18 19 20 21 22 23 24 25 26 27 28 29 30 31 32 33 34 35 36 37 38 39
----------------------------------------
| env_steps                 | 5.8e+04  |
| Epoch                     | 24       |
| exp_avg_reward            | 0.585    |
| exp_reward_avg            | 0.661    |
| hdm_gamma                 | 0.6      |
| hdm_gamma_auto            | 0.858    |
| hdm_gamma_zero_point      | 0.203    |
| hdm_q_o1                  | -6.21    |
| hdm_q_o2                  | -5.65    |
| hdm_q_to_minimize         | 0.221    |
| hdm_weights               | -0.462   |
| Inner_Test_AgChangeRatio  | 0.886    |
| Inner_Train_AgChangeRatio | 0.873    |
| log_hdm_gamma             | -0.511   |
| Loss_hdm                  | -0.141   |
| Loss_her                  | 0.111    |
| Loss_q                    | -0.0301  |
| offset                    | 6.11     |
| opt_steps                 | 4.8e+04  |
| q_bg                      | -6.21    |
| q_o2_a2                   | -5.52    |
| q_o2_eps_greedy           | -5.57    |
| q_o2_max                  | -5.51    |
| q_o2_soft                 | -5.79    |
| q_o2_soft_kl              | -5.92    |
| q_o2_targ                 | -5.52    |
| q_targ                    | -6.21    |
| replay_fill_ratio         | 0.058    |
| replay_size               | 1.16e+03 |
| reward                    | -0.536   |
| TestAgChangeRatio         | 1        |
| TestBestSuccessRate       | 0.24     |
| TestFinalDist             | 0.657    |
| TestSuccessRate           | 0.06     |
| Time                      | 381      |
| TimePerSeqRollout         | 0.31     |
| TimePerTrainIter          | 0.00522  |
| TotalTimeSteps            | 5.8e+04  |
| TrainAgChangeRatio        | 1        |
| TrainSuccess              | 0.05     |
----------------------------------------
Epoch 25 eval | final dist 0.742 | success rate 0.060 | best success 0.240
ckpt_name: Dec-16-11-59-7
Epoch 25: Iter (out of 40)= 0 1 2 3 4 5 6 7 8 9 10 11 12 13 14 15 16 17 18 19 20 21 22 23 24 25 26 27 28 29 30 31 32 33 34 35 36 37 38 39
----------------------------------------
| env_steps                 | 6e+04    |
| Epoch                     | 25       |
| exp_avg_reward            | 0.585    |
| exp_reward_avg            | 0.66     |
| hdm_gamma                 | 0.6      |
| hdm_gamma_auto            | 0.859    |
| hdm_gamma_zero_point      | 0.215    |
| hdm_q_o1                  | -6.37    |
| hdm_q_o2                  | -5.84    |
| hdm_q_to_minimize         | 0.225    |
| hdm_weights               | -0.453   |
| Inner_Test_AgChangeRatio  | 0.867    |
| Inner_Train_AgChangeRatio | 0.896    |
| log_hdm_gamma             | -0.511   |
| Loss_hdm                  | -0.141   |
| Loss_her                  | 0.114    |
| Loss_q                    | -0.0275  |
| offset                    | 6.15     |
| opt_steps                 | 5e+04    |
| q_bg                      | -6.37    |
| q_o2_a2                   | -5.69    |
| q_o2_eps_greedy           | -5.74    |
| q_o2_max                  | -5.68    |
| q_o2_soft                 | -5.96    |
| q_o2_soft_kl              | -6.09    |
| q_o2_targ                 | -5.69    |
| q_targ                    | -6.37    |
| replay_fill_ratio         | 0.06     |
| replay_size               | 1.2e+03  |
| reward                    | -0.537   |
| TestAgChangeRatio         | 1        |
| TestBestSuccessRate       | 0.24     |
| TestFinalDist             | 0.742    |
| TestSuccessRate           | 0.06     |
| Time                      | 396      |
| TimePerSeqRollout         | 0.312    |
| TimePerTrainIter          | 0.00524  |
| TotalTimeSteps            | 6e+04    |
| TrainAgChangeRatio        | 1        |
| TrainSuccess              | 0.075    |
----------------------------------------
Epoch 26 eval | final dist 0.840 | success rate 0.160 | best success 0.240
ckpt_name: Dec-16-11-59-7
Epoch 26: Iter (out of 40)= 0 1 2 3 4 5 6 7 8 9 10 11 12 13 14 15 16 17 18 19 20 21 22 23 24 25 26 27 28 29 30 31 32 33 34 35 36 37 38 39
----------------------------------------
| env_steps                 | 6.2e+04  |
| Epoch                     | 26       |
| exp_avg_reward            | 0.585    |
| exp_reward_avg            | 0.661    |
| hdm_gamma                 | 0.6      |
| hdm_gamma_auto            | 0.858    |
| hdm_gamma_zero_point      | 0.231    |
| hdm_q_o1                  | -6.5     |
| hdm_q_o2                  | -5.99    |
| hdm_q_to_minimize         | 0.225    |
| hdm_weights               | -0.442   |
| Inner_Test_AgChangeRatio  | 0.888    |
| Inner_Train_AgChangeRatio | 0.881    |
| log_hdm_gamma             | -0.511   |
| Loss_hdm                  | -0.139   |
| Loss_her                  | 0.118    |
| Loss_q                    | -0.021   |
| offset                    | 6.11     |
| opt_steps                 | 5.2e+04  |
| q_bg                      | -6.5     |
| q_o2_a2                   | -5.83    |
| q_o2_eps_greedy           | -5.88    |
| q_o2_max                  | -5.82    |
| q_o2_soft                 | -6.1     |
| q_o2_soft_kl              | -6.24    |
| q_o2_targ                 | -5.83    |
| q_targ                    | -6.5     |
| replay_fill_ratio         | 0.062    |
| replay_size               | 1.24e+03 |
| reward                    | -0.537   |
| TestAgChangeRatio         | 1        |
| TestBestSuccessRate       | 0.24     |
| TestFinalDist             | 0.84     |
| TestSuccessRate           | 0.16     |
| Time                      | 411      |
| TimePerSeqRollout         | 0.311    |
| TimePerTrainIter          | 0.00525  |
| TotalTimeSteps            | 6.2e+04  |
| TrainAgChangeRatio        | 1        |
| TrainSuccess              | 0.15     |
----------------------------------------
Epoch 27 eval | final dist 1.539 | success rate 0.060 | best success 0.240
ckpt_name: Dec-16-11-59-7
Epoch 27: Iter (out of 40)= 0 1 2 3 4 5 6 7 8 9 10 11 12 13 14 15 16 17 18 19 20 21 22 23 24 25 26 27 28 29 30 31 32 33 34 35 36 37 38 39
----------------------------------------
| env_steps                 | 6.4e+04  |
| Epoch                     | 27       |
| exp_avg_reward            | 0.585    |
| exp_reward_avg            | 0.661    |
| hdm_gamma                 | 0.6      |
| hdm_gamma_auto            | 0.858    |
| hdm_gamma_zero_point      | 0.223    |
| hdm_q_o1                  | -6.65    |
| hdm_q_o2                  | -6.16    |
| hdm_q_to_minimize         | 0.223    |
| hdm_weights               | -0.431   |
| Inner_Test_AgChangeRatio  | 0.892    |
| Inner_Train_AgChangeRatio | 0.903    |
| log_hdm_gamma             | -0.511   |
| Loss_hdm                  | -0.135   |
| Loss_her                  | 0.117    |
| Loss_q                    | -0.0177  |
| offset                    | 6.12     |
| opt_steps                 | 5.4e+04  |
| q_bg                      | -6.65    |
| q_o2_a2                   | -6       |
| q_o2_eps_greedy           | -6.05    |
| q_o2_max                  | -5.99    |
| q_o2_soft                 | -6.27    |
| q_o2_soft_kl              | -6.41    |
| q_o2_targ                 | -6       |
| q_targ                    | -6.65    |
| replay_fill_ratio         | 0.064    |
| replay_size               | 1.28e+03 |
| reward                    | -0.536   |
| TestAgChangeRatio         | 1        |
| TestBestSuccessRate       | 0.24     |
| TestFinalDist             | 1.54     |
| TestSuccessRate           | 0.06     |
| Time                      | 427      |
| TimePerSeqRollout         | 0.313    |
| TimePerTrainIter          | 0.00526  |
| TotalTimeSteps            | 6.4e+04  |
| TrainAgChangeRatio        | 1        |
| TrainSuccess              | 0.025    |
----------------------------------------
Epoch 28 eval | final dist 1.041 | success rate 0.000 | best success 0.240
ckpt_name: Dec-16-11-59-7
Epoch 28: Iter (out of 40)= 0 1 2 3 4 5 6 7 8 9 10 11 12 13 14 15 16 17 18 19 20 21 22 23 24 25 26 27 28 29 30 31 32 33 34 35 36 37 38 39
----------------------------------------
| env_steps                 | 6.6e+04  |
| Epoch                     | 28       |
| exp_avg_reward            | 0.585    |
| exp_reward_avg            | 0.661    |
| hdm_gamma                 | 0.6      |
| hdm_gamma_auto            | 0.859    |
| hdm_gamma_zero_point      | 0.253    |
| hdm_q_o1                  | -6.79    |
| hdm_q_o2                  | -6.34    |
| hdm_q_to_minimize         | 0.218    |
| hdm_weights               | -0.417   |
| Inner_Test_AgChangeRatio  | 0.883    |
| Inner_Train_AgChangeRatio | 0.89     |
| log_hdm_gamma             | -0.511   |
| Loss_hdm                  | -0.13    |
| Loss_her                  | 0.119    |
| Loss_q                    | -0.0112  |
| offset                    | 6.12     |
| opt_steps                 | 5.6e+04  |
| q_bg                      | -6.79    |
| q_o2_a2                   | -6.16    |
| q_o2_eps_greedy           | -6.22    |
| q_o2_max                  | -6.15    |
| q_o2_soft                 | -6.44    |
| q_o2_soft_kl              | -6.58    |
| q_o2_targ                 | -6.16    |
| q_targ                    | -6.79    |
| replay_fill_ratio         | 0.066    |
| replay_size               | 1.32e+03 |
| reward                    | -0.537   |
| TestAgChangeRatio         | 1        |
| TestBestSuccessRate       | 0.24     |
| TestFinalDist             | 1.04     |
| TestSuccessRate           | 0        |
| Time                      | 442      |
| TimePerSeqRollout         | 0.312    |
| TimePerTrainIter          | 0.00525  |
| TotalTimeSteps            | 6.6e+04  |
| TrainAgChangeRatio        | 0.975    |
| TrainSuccess              | 0.125    |
----------------------------------------
Epoch 29 eval | final dist 0.352 | success rate 0.140 | best success 0.240
ckpt_name: Dec-16-11-59-7
Epoch 29: Iter (out of 40)= 0 1 2 3 4 5 6 7 8 9 10 11 12 13 14 15 16 17 18 19 20 21 22 23 24 25 26 27 28 29 30 31 32 33 34 35 36 37 38 39
----------------------------------------
| env_steps                 | 6.8e+04  |
| Epoch                     | 29       |
| exp_avg_reward            | 0.585    |
| exp_reward_avg            | 0.661    |
| hdm_gamma                 | 0.6      |
| hdm_gamma_auto            | 0.858    |
| hdm_gamma_zero_point      | 0.273    |
| hdm_q_o1                  | -6.96    |
| hdm_q_o2                  | -6.52    |
| hdm_q_to_minimize         | 0.219    |
| hdm_weights               | -0.41    |
| Inner_Test_AgChangeRatio  | 0.88     |
| Inner_Train_AgChangeRatio | 0.871    |
| log_hdm_gamma             | -0.511   |
| Loss_hdm                  | -0.13    |
| Loss_her                  | 0.12     |
| Loss_q                    | -0.0103  |
| offset                    | 6.11     |
| opt_steps                 | 5.8e+04  |
| q_bg                      | -6.96    |
| q_o2_a2                   | -6.36    |
| q_o2_eps_greedy           | -6.41    |
| q_o2_max                  | -6.35    |
| q_o2_soft                 | -6.64    |
| q_o2_soft_kl              | -6.77    |
| q_o2_targ                 | -6.36    |
| q_targ                    | -6.97    |
| replay_fill_ratio         | 0.068    |
| replay_size               | 1.36e+03 |
| reward                    | -0.537   |
| TestAgChangeRatio         | 1        |
| TestBestSuccessRate       | 0.24     |
| TestFinalDist             | 0.352    |
| TestSuccessRate           | 0.14     |
| Time                      | 458      |
| TimePerSeqRollout         | 0.311    |
| TimePerTrainIter          | 0.00522  |
| TotalTimeSteps            | 6.8e+04  |
| TrainAgChangeRatio        | 1        |
| TrainSuccess              | 0.2      |
----------------------------------------
Epoch 30 eval | final dist 0.660 | success rate 0.120 | best success 0.240
ckpt_name: Dec-16-11-59-7
Epoch 30: Iter (out of 40)= 0 1 2 3 4 5 6 7 8 9 10 11 12 13 14 15 16 17 18 19 20 21 22 23 24 25 26 27 28 29 30 31 32 33 34 35 36 37 38 39
----------------------------------------
| env_steps                 | 7e+04    |
| Epoch                     | 30       |
| exp_avg_reward            | 0.585    |
| exp_reward_avg            | 0.66     |
| hdm_gamma                 | 0.6      |
| hdm_gamma_auto            | 0.859    |
| hdm_gamma_zero_point      | 0.338    |
| hdm_q_o1                  | -7.1     |
| hdm_q_o2                  | -6.7     |
| hdm_q_to_minimize         | 0.213    |
| hdm_weights               | -0.4     |
| Inner_Test_AgChangeRatio  | 0.892    |
| Inner_Train_AgChangeRatio | 0.882    |
| log_hdm_gamma             | -0.511   |
| Loss_hdm                  | -0.125   |
| Loss_her                  | 0.119    |
| Loss_q                    | -0.00594 |
| offset                    | 6.12     |
| opt_steps                 | 6e+04    |
| q_bg                      | -7.1     |
| q_o2_a2                   | -6.51    |
| q_o2_eps_greedy           | -6.57    |
| q_o2_max                  | -6.5     |
| q_o2_soft                 | -6.8     |
| q_o2_soft_kl              | -6.93    |
| q_o2_targ                 | -6.51    |
| q_targ                    | -7.1     |
| replay_fill_ratio         | 0.07     |
| replay_size               | 1.4e+03  |
| reward                    | -0.537   |
| TestAgChangeRatio         | 1        |
| TestBestSuccessRate       | 0.24     |
| TestFinalDist             | 0.66     |
| TestSuccessRate           | 0.12     |
| Time                      | 473      |
| TimePerSeqRollout         | 0.31     |
| TimePerTrainIter          | 0.00523  |
| TotalTimeSteps            | 7e+04    |
| TrainAgChangeRatio        | 1        |
| TrainSuccess              | 0.05     |
----------------------------------------
Epoch 31 eval | final dist 0.418 | success rate 0.140 | best success 0.240
ckpt_name: Dec-16-11-59-7
Epoch 31: Iter (out of 40)= 0 1 2 3 4 5 6 7 8 9 10 11 12 13 14 15 16 17 18 19 20 21 22 23 24 25 26 27 28 29 30 31 32 33 34 35 36 37 38 39
----------------------------------------
| env_steps                 | 7.2e+04  |
| Epoch                     | 31       |
| exp_avg_reward            | 0.585    |
| exp_reward_avg            | 0.661    |
| hdm_gamma                 | 0.6      |
| hdm_gamma_auto            | 0.859    |
| hdm_gamma_zero_point      | 0.368    |
| hdm_q_o1                  | -7.26    |
| hdm_q_o2                  | -6.87    |
| hdm_q_to_minimize         | 0.209    |
| hdm_weights               | -0.392   |
| Inner_Test_AgChangeRatio  | 0.875    |
| Inner_Train_AgChangeRatio | 0.901    |
| log_hdm_gamma             | -0.511   |
| Loss_hdm                  | -0.122   |
| Loss_her                  | 0.118    |
| Loss_q                    | -0.00383 |
| offset                    | 6.13     |
| opt_steps                 | 6.2e+04  |
| q_bg                      | -7.26    |
| q_o2_a2                   | -6.69    |
| q_o2_eps_greedy           | -6.75    |
| q_o2_max                  | -6.68    |
| q_o2_soft                 | -6.98    |
| q_o2_soft_kl              | -7.11    |
| q_o2_targ                 | -6.69    |
| q_targ                    | -7.26    |
| replay_fill_ratio         | 0.072    |
| replay_size               | 1.44e+03 |
| reward                    | -0.536   |
| TestAgChangeRatio         | 1        |
| TestBestSuccessRate       | 0.24     |
| TestFinalDist             | 0.418    |
| TestSuccessRate           | 0.14     |
| Time                      | 489      |
| TimePerSeqRollout         | 0.31     |
| TimePerTrainIter          | 0.00521  |
| TotalTimeSteps            | 7.2e+04  |
| TrainAgChangeRatio        | 1        |
| TrainSuccess              | 0.275    |
----------------------------------------
Epoch 32 eval | final dist 0.340 | success rate 0.280 | best success 0.280
ckpt_name: Dec-16-11-59-7
Epoch 32: Iter (out of 40)= 0 1 2 3 4 5 6 7 8 9 10 11 12 13 14 15 16 17 18 19 20 21 22 23 24 25 26 27 28 29 30 31 32 33 34 35 36 37 38 39
----------------------------------------
| env_steps                 | 7.4e+04  |
| Epoch                     | 32       |
| exp_avg_reward            | 0.584    |
| exp_reward_avg            | 0.66     |
| hdm_gamma                 | 0.6      |
| hdm_gamma_auto            | 0.859    |
| hdm_gamma_zero_point      | 0.383    |
| hdm_q_o1                  | -7.42    |
| hdm_q_o2                  | -7.05    |
| hdm_q_to_minimize         | 0.203    |
| hdm_weights               | -0.385   |
| Inner_Test_AgChangeRatio  | 0.893    |
| Inner_Train_AgChangeRatio | 0.895    |
| log_hdm_gamma             | -0.511   |
| Loss_hdm                  | -0.117   |
| Loss_her                  | 0.123    |
| Loss_q                    | 0.00655  |
| offset                    | 6.13     |
| opt_steps                 | 6.4e+04  |
| q_bg                      | -7.42    |
| q_o2_a2                   | -6.88    |
| q_o2_eps_greedy           | -6.93    |
| q_o2_max                  | -6.87    |
| q_o2_soft                 | -7.16    |
| q_o2_soft_kl              | -7.29    |
| q_o2_targ                 | -6.88    |
| q_targ                    | -7.42    |
| replay_fill_ratio         | 0.074    |
| replay_size               | 1.48e+03 |
| reward                    | -0.538   |
| TestAgChangeRatio         | 1        |
| TestBestSuccessRate       | 0.28     |
| TestFinalDist             | 0.34     |
| TestSuccessRate           | 0.28     |
| Time                      | 504      |
| TimePerSeqRollout         | 0.31     |
| TimePerTrainIter          | 0.00523  |
| TotalTimeSteps            | 7.4e+04  |
| TrainAgChangeRatio        | 1        |
| TrainSuccess              | 0.2      |
----------------------------------------
Epoch 33 eval | final dist 0.744 | success rate 0.280 | best success 0.280
ckpt_name: Dec-16-11-59-7
Epoch 33: Iter (out of 40)= 0 1 2 3 4 5 6 7 8 9 10 11 12 13 14 15 16 17 18 19 20 21 22 23 24 25 26 27 28 29 30 31 32 33 34 35 36 37 38 39
----------------------------------------
| env_steps                 | 7.6e+04  |
| Epoch                     | 33       |
| exp_avg_reward            | 0.585    |
| exp_reward_avg            | 0.661    |
| hdm_gamma                 | 0.6      |
| hdm_gamma_auto            | 0.858    |
| hdm_gamma_zero_point      | 0.413    |
| hdm_q_o1                  | -7.55    |
| hdm_q_o2                  | -7.19    |
| hdm_q_to_minimize         | 0.194    |
| hdm_weights               | -0.384   |
| Inner_Test_AgChangeRatio  | 0.893    |
| Inner_Train_AgChangeRatio | 0.889    |
| log_hdm_gamma             | -0.511   |
| Loss_hdm                  | -0.112   |
| Loss_her                  | 0.124    |
| Loss_q                    | 0.0119   |
| offset                    | 6.12     |
| opt_steps                 | 6.6e+04  |
| q_bg                      | -7.55    |
| q_o2_a2                   | -7.03    |
| q_o2_eps_greedy           | -7.08    |
| q_o2_max                  | -7.02    |
| q_o2_soft                 | -7.31    |
| q_o2_soft_kl              | -7.43    |
| q_o2_targ                 | -7.03    |
| q_targ                    | -7.55    |
| replay_fill_ratio         | 0.076    |
| replay_size               | 1.52e+03 |
| reward                    | -0.536   |
| TestAgChangeRatio         | 1        |
| TestBestSuccessRate       | 0.28     |
| TestFinalDist             | 0.744    |
| TestSuccessRate           | 0.28     |
| Time                      | 520      |
| TimePerSeqRollout         | 0.311    |
| TimePerTrainIter          | 0.00523  |
| TotalTimeSteps            | 7.6e+04  |
| TrainAgChangeRatio        | 1        |
| TrainSuccess              | 0.15     |
----------------------------------------
Epoch 34 eval | final dist 0.647 | success rate 0.240 | best success 0.280
ckpt_name: Dec-16-11-59-7
Epoch 34: Iter (out of 40)= 0 1 2 3 4 5 6 7 8 9 10 11 12 13 14 15 16 17 18 19 20 21 22 23 24 25 26 27 28 29 30 31 32 33 34 35 36 37 38 39
----------------------------------------
| env_steps                 | 7.8e+04  |
| Epoch                     | 34       |
| exp_avg_reward            | 0.585    |
| exp_reward_avg            | 0.661    |
| hdm_gamma                 | 0.6      |
| hdm_gamma_auto            | 0.858    |
| hdm_gamma_zero_point      | 0.441    |
| hdm_q_o1                  | -7.69    |
| hdm_q_o2                  | -7.35    |
| hdm_q_to_minimize         | 0.192    |
| hdm_weights               | -0.379   |
| Inner_Test_AgChangeRatio  | 0.87     |
| Inner_Train_AgChangeRatio | 0.893    |
| log_hdm_gamma             | -0.511   |
| Loss_hdm                  | -0.109   |
| Loss_her                  | 0.126    |
| Loss_q                    | 0.0174   |
| offset                    | 6.11     |
| opt_steps                 | 6.8e+04  |
| q_bg                      | -7.69    |
| q_o2_a2                   | -7.19    |
| q_o2_eps_greedy           | -7.24    |
| q_o2_max                  | -7.17    |
| q_o2_soft                 | -7.47    |
| q_o2_soft_kl              | -7.59    |
| q_o2_targ                 | -7.19    |
| q_targ                    | -7.69    |
| replay_fill_ratio         | 0.078    |
| replay_size               | 1.56e+03 |
| reward                    | -0.537   |
| TestAgChangeRatio         | 1        |
| TestBestSuccessRate       | 0.28     |
| TestFinalDist             | 0.647    |
| TestSuccessRate           | 0.24     |
| Time                      | 535      |
| TimePerSeqRollout         | 0.312    |
| TimePerTrainIter          | 0.00523  |
| TotalTimeSteps            | 7.8e+04  |
| TrainAgChangeRatio        | 1        |
| TrainSuccess              | 0.325    |
----------------------------------------
Epoch 35 eval | final dist 0.256 | success rate 0.240 | best success 0.280
ckpt_name: Dec-16-11-59-7
Epoch 35: Iter (out of 40)= 0 1 2 3 4 5 6 7 8 9 10 11 12 13 14 15 16 17 18 19 20 21 22 23 24 25 26 27 28 29 30 31 32 33 34 35 36 37 38 39
----------------------------------------
| env_steps                 | 8e+04    |
| Epoch                     | 35       |
| exp_avg_reward            | 0.585    |
| exp_reward_avg            | 0.66     |
| hdm_gamma                 | 0.6      |
| hdm_gamma_auto            | 0.859    |
| hdm_gamma_zero_point      | 0.442    |
| hdm_q_o1                  | -7.85    |
| hdm_q_o2                  | -7.5     |
| hdm_q_to_minimize         | 0.193    |
| hdm_weights               | -0.38    |
| Inner_Test_AgChangeRatio  | 0.875    |
| Inner_Train_AgChangeRatio | 0.867    |
| log_hdm_gamma             | -0.511   |
| Loss_hdm                  | -0.108   |
| Loss_her                  | 0.127    |
| Loss_q                    | 0.0184   |
| offset                    | 6.13     |
| opt_steps                 | 7e+04    |
| q_bg                      | -7.85    |
| q_o2_a2                   | -7.35    |
| q_o2_eps_greedy           | -7.4     |
| q_o2_max                  | -7.34    |
| q_o2_soft                 | -7.64    |
| q_o2_soft_kl              | -7.76    |
| q_o2_targ                 | -7.35    |
| q_targ                    | -7.85    |
| replay_fill_ratio         | 0.08     |
| replay_size               | 1.6e+03  |
| reward                    | -0.537   |
| TestAgChangeRatio         | 1        |
| TestBestSuccessRate       | 0.28     |
| TestFinalDist             | 0.256    |
| TestSuccessRate           | 0.24     |
| Time                      | 551      |
| TimePerSeqRollout         | 0.311    |
| TimePerTrainIter          | 0.00523  |
| TotalTimeSteps            | 8e+04    |
| TrainAgChangeRatio        | 1        |
| TrainSuccess              | 0.275    |
----------------------------------------
Epoch 36 eval | final dist 0.770 | success rate 0.220 | best success 0.280
ckpt_name: Dec-16-11-59-7
Epoch 36: Iter (out of 40)= 0 1 2 3 4 5 6 7 8 9 10 11 12 13 14 15 16 17 18 19 20 21 22 23 24 25 26 27 28 29 30 31 32 33 34 35 36 37 38 39
----------------------------------------
| env_steps                 | 8.2e+04  |
| Epoch                     | 36       |
| exp_avg_reward            | 0.584    |
| exp_reward_avg            | 0.66     |
| hdm_gamma                 | 0.6      |
| hdm_gamma_auto            | 0.859    |
| hdm_gamma_zero_point      | 0.468    |
| hdm_q_o1                  | -8.01    |
| hdm_q_o2                  | -7.68    |
| hdm_q_to_minimize         | 0.194    |
| hdm_weights               | -0.373   |
| Inner_Test_AgChangeRatio  | 0.896    |
| Inner_Train_AgChangeRatio | 0.879    |
| log_hdm_gamma             | -0.511   |
| Loss_hdm                  | -0.105   |
| Loss_her                  | 0.129    |
| Loss_q                    | 0.0237   |
| offset                    | 6.15     |
| opt_steps                 | 7.2e+04  |
| q_bg                      | -8.01    |
| q_o2_a2                   | -7.52    |
| q_o2_eps_greedy           | -7.57    |
| q_o2_max                  | -7.51    |
| q_o2_soft                 | -7.81    |
| q_o2_soft_kl              | -7.93    |
| q_o2_targ                 | -7.52    |
| q_targ                    | -8.01    |
| replay_fill_ratio         | 0.082    |
| replay_size               | 1.64e+03 |
| reward                    | -0.538   |
| TestAgChangeRatio         | 1        |
| TestBestSuccessRate       | 0.28     |
| TestFinalDist             | 0.77     |
| TestSuccessRate           | 0.22     |
| Time                      | 567      |
| TimePerSeqRollout         | 0.311    |
| TimePerTrainIter          | 0.00521  |
| TotalTimeSteps            | 8.2e+04  |
| TrainAgChangeRatio        | 1        |
| TrainSuccess              | 0.225    |
----------------------------------------
Epoch 37 eval | final dist 0.398 | success rate 0.320 | best success 0.320
ckpt_name: Dec-16-11-59-7
Epoch 37: Iter (out of 40)= 0 1 2 3 4 5 6 7 8 9 10 11 12 13 14 15 16 17 18 19 20 21 22 23 24 25 26 27 28 29 30 31 32 33 34 35 36 37 38 39
----------------------------------------
| env_steps                 | 8.4e+04  |
| Epoch                     | 37       |
| exp_avg_reward            | 0.585    |
| exp_reward_avg            | 0.661    |
| hdm_gamma                 | 0.6      |
| hdm_gamma_auto            | 0.858    |
| hdm_gamma_zero_point      | 0.509    |
| hdm_q_o1                  | -8.11    |
| hdm_q_o2                  | -7.81    |
| hdm_q_to_minimize         | 0.185    |
| hdm_weights               | -0.36    |
| Inner_Test_AgChangeRatio  | 0.9      |
| Inner_Train_AgChangeRatio | 0.896    |
| log_hdm_gamma             | -0.511   |
| Loss_hdm                  | -0.1     |
| Loss_her                  | 0.136    |
| Loss_q                    | 0.0364   |
| offset                    | 6.11     |
| opt_steps                 | 7.4e+04  |
| q_bg                      | -8.11    |
| q_o2_a2                   | -7.63    |
| q_o2_eps_greedy           | -7.68    |
| q_o2_max                  | -7.62    |
| q_o2_soft                 | -7.92    |
| q_o2_soft_kl              | -8.03    |
| q_o2_targ                 | -7.63    |
| q_targ                    | -8.11    |
| replay_fill_ratio         | 0.084    |
| replay_size               | 1.68e+03 |
| reward                    | -0.537   |
| TestAgChangeRatio         | 1        |
| TestBestSuccessRate       | 0.32     |
| TestFinalDist             | 0.398    |
| TestSuccessRate           | 0.32     |
| Time                      | 582      |
| TimePerSeqRollout         | 0.31     |
| TimePerTrainIter          | 0.00522  |
| TotalTimeSteps            | 8.4e+04  |
| TrainAgChangeRatio        | 1        |
| TrainSuccess              | 0.225    |
----------------------------------------
Epoch 38 eval | final dist 0.295 | success rate 0.400 | best success 0.400
ckpt_name: Dec-16-11-59-7
Epoch 38: Iter (out of 40)= 0 1 2 3 4 5 6 7 8 9 10 11 12 13 14 15 16 17 18 19 20 21 22 23 24 25 26 27 28 29 30 31 32 33 34 35 36 37 38 39
----------------------------------------
| env_steps                 | 8.6e+04  |
| Epoch                     | 38       |
| exp_avg_reward            | 0.585    |
| exp_reward_avg            | 0.661    |
| hdm_gamma                 | 0.6      |
| hdm_gamma_auto            | 0.858    |
| hdm_gamma_zero_point      | 0.517    |
| hdm_q_o1                  | -8.27    |
| hdm_q_o2                  | -7.97    |
| hdm_q_to_minimize         | 0.18     |
| hdm_weights               | -0.355   |
| Inner_Test_AgChangeRatio  | 0.891    |
| Inner_Train_AgChangeRatio | 0.873    |
| log_hdm_gamma             | -0.511   |
| Loss_hdm                  | -0.0969  |
| Loss_her                  | 0.132    |
| Loss_q                    | 0.0349   |
| offset                    | 6.09     |
| opt_steps                 | 7.6e+04  |
| q_bg                      | -8.27    |
| q_o2_a2                   | -7.81    |
| q_o2_eps_greedy           | -7.86    |
| q_o2_max                  | -7.8     |
| q_o2_soft                 | -8.09    |
| q_o2_soft_kl              | -8.21    |
| q_o2_targ                 | -7.81    |
| q_targ                    | -8.27    |
| replay_fill_ratio         | 0.086    |
| replay_size               | 1.72e+03 |
| reward                    | -0.536   |
| TestAgChangeRatio         | 1        |
| TestBestSuccessRate       | 0.4      |
| TestFinalDist             | 0.295    |
| TestSuccessRate           | 0.4      |
| Time                      | 597      |
| TimePerSeqRollout         | 0.31     |
| TimePerTrainIter          | 0.00522  |
| TotalTimeSteps            | 8.6e+04  |
| TrainAgChangeRatio        | 1        |
| TrainSuccess              | 0.325    |
----------------------------------------
Epoch 39 eval | final dist 0.408 | success rate 0.180 | best success 0.400
ckpt_name: Dec-16-11-59-7
Epoch 39: Iter (out of 40)= 0 1 2 3 4 5 6 7 8 9 10 11 12 13 14 15 16 17 18 19 20 21 22 23 24 25 26 27 28 29 30 31 32 33 34 35 36 37 38 39
----------------------------------------
| env_steps                 | 8.8e+04  |
| Epoch                     | 39       |
| exp_avg_reward            | 0.585    |
| exp_reward_avg            | 0.661    |
| hdm_gamma                 | 0.6      |
| hdm_gamma_auto            | 0.859    |
| hdm_gamma_zero_point      | 0.576    |
| hdm_q_o1                  | -8.43    |
| hdm_q_o2                  | -8.16    |
| hdm_q_to_minimize         | 0.169    |
| hdm_weights               | -0.344   |
| Inner_Test_AgChangeRatio  | 0.888    |
| Inner_Train_AgChangeRatio | 0.899    |
| log_hdm_gamma             | -0.511   |
| Loss_hdm                  | -0.0924  |
| Loss_her                  | 0.136    |
| Loss_q                    | 0.0437   |
| offset                    | 6.13     |
| opt_steps                 | 7.8e+04  |
| q_bg                      | -8.43    |
| q_o2_a2                   | -7.98    |
| q_o2_eps_greedy           | -8.02    |
| q_o2_max                  | -7.97    |
| q_o2_soft                 | -8.26    |
| q_o2_soft_kl              | -8.37    |
| q_o2_targ                 | -7.98    |
| q_targ                    | -8.43    |
| replay_fill_ratio         | 0.088    |
| replay_size               | 1.76e+03 |
| reward                    | -0.536   |
| TestAgChangeRatio         | 1        |
| TestBestSuccessRate       | 0.4      |
| TestFinalDist             | 0.408    |
| TestSuccessRate           | 0.18     |
| Time                      | 613      |
| TimePerSeqRollout         | 0.31     |
| TimePerTrainIter          | 0.00523  |
| TotalTimeSteps            | 8.8e+04  |
| TrainAgChangeRatio        | 1        |
| TrainSuccess              | 0.275    |
----------------------------------------
Epoch 40 eval | final dist 0.281 | success rate 0.160 | best success 0.400
ckpt_name: Dec-16-11-59-7
Epoch 40: Iter (out of 40)= 0 1 2 3 4 5 6 7 8 9 10 11 12 13 14 15 16 17 18 19 20 21 22 23 24 25 26 27 28 29 30 31 32 33 34 35 36 37 38 39
----------------------------------------
| env_steps                 | 9e+04    |
| Epoch                     | 40       |
| exp_avg_reward            | 0.585    |
| exp_reward_avg            | 0.661    |
| hdm_gamma                 | 0.6      |
| hdm_gamma_auto            | 0.858    |
| hdm_gamma_zero_point      | 0.624    |
| hdm_q_o1                  | -8.61    |
| hdm_q_o2                  | -8.36    |
| hdm_q_to_minimize         | 0.163    |
| hdm_weights               | -0.335   |
| Inner_Test_AgChangeRatio  | 0.879    |
| Inner_Train_AgChangeRatio | 0.887    |
| log_hdm_gamma             | -0.511   |
| Loss_hdm                  | -0.0893  |
| Loss_her                  | 0.136    |
| Loss_q                    | 0.0471   |
| offset                    | 6.1      |
| opt_steps                 | 8e+04    |
| q_bg                      | -8.61    |
| q_o2_a2                   | -8.17    |
| q_o2_eps_greedy           | -8.22    |
| q_o2_max                  | -8.16    |
| q_o2_soft                 | -8.45    |
| q_o2_soft_kl              | -8.56    |
| q_o2_targ                 | -8.17    |
| q_targ                    | -8.61    |
| replay_fill_ratio         | 0.09     |
| replay_size               | 1.8e+03  |
| reward                    | -0.536   |
| TestAgChangeRatio         | 1        |
| TestBestSuccessRate       | 0.4      |
| TestFinalDist             | 0.281    |
| TestSuccessRate           | 0.16     |
| Time                      | 628      |
| TimePerSeqRollout         | 0.311    |
| TimePerTrainIter          | 0.00523  |
| TotalTimeSteps            | 9e+04    |
| TrainAgChangeRatio        | 1        |
| TrainSuccess              | 0.225    |
----------------------------------------
Epoch 41 eval | final dist 0.360 | success rate 0.120 | best success 0.400
ckpt_name: Dec-16-11-59-7
Epoch 41: Iter (out of 40)= 0 1 2 3 4 5 6 7 8 9 10 11 12 13 14 15 16 17 18 19 20 21 22 23 24 25 26 27 28 29 30 31 32 33 34 35 36 37 38 39
----------------------------------------
| env_steps                 | 9.2e+04  |
| Epoch                     | 41       |
| exp_avg_reward            | 0.586    |
| exp_reward_avg            | 0.662    |
| hdm_gamma                 | 0.6      |
| hdm_gamma_auto            | 0.858    |
| hdm_gamma_zero_point      | 0.687    |
| hdm_q_o1                  | -8.78    |
| hdm_q_o2                  | -8.57    |
| hdm_q_to_minimize         | 0.156    |
| hdm_weights               | -0.325   |
| Inner_Test_AgChangeRatio  | 0.882    |
| Inner_Train_AgChangeRatio | 0.889    |
| log_hdm_gamma             | -0.511   |
| Loss_hdm                  | -0.0838  |
| Loss_her                  | 0.144    |
| Loss_q                    | 0.0604   |
| offset                    | 6.12     |
| opt_steps                 | 8.2e+04  |
| q_bg                      | -8.78    |
| q_o2_a2                   | -8.36    |
| q_o2_eps_greedy           | -8.4     |
| q_o2_max                  | -8.35    |
| q_o2_soft                 | -8.64    |
| q_o2_soft_kl              | -8.74    |
| q_o2_targ                 | -8.36    |
| q_targ                    | -8.79    |
| replay_fill_ratio         | 0.092    |
| replay_size               | 1.84e+03 |
| reward                    | -0.535   |
| TestAgChangeRatio         | 1        |
| TestBestSuccessRate       | 0.4      |
| TestFinalDist             | 0.36     |
| TestSuccessRate           | 0.12     |
| Time                      | 643      |
| TimePerSeqRollout         | 0.311    |
| TimePerTrainIter          | 0.00524  |
| TotalTimeSteps            | 9.2e+04  |
| TrainAgChangeRatio        | 1        |
| TrainSuccess              | 0.275    |
----------------------------------------
Epoch 42 eval | final dist 0.253 | success rate 0.280 | best success 0.400
ckpt_name: Dec-16-11-59-7
Epoch 42: Iter (out of 40)= 0 1 2 3 4 5 6 7 8 9 10 11 12 13 14 15 16 17 18 19 20 21 22 23 24 25 26 27 28 29 30 31 32 33 34 35 36 37 38 39
----------------------------------------
| env_steps                 | 9.4e+04  |
| Epoch                     | 42       |
| exp_avg_reward            | 0.585    |
| exp_reward_avg            | 0.66     |
| hdm_gamma                 | 0.6      |
| hdm_gamma_auto            | 0.859    |
| hdm_gamma_zero_point      | 0.719    |
| hdm_q_o1                  | -8.97    |
| hdm_q_o2                  | -8.77    |
| hdm_q_to_minimize         | 0.147    |
| hdm_weights               | -0.319   |
| Inner_Test_AgChangeRatio  | 0.884    |
| Inner_Train_AgChangeRatio | 0.877    |
| log_hdm_gamma             | -0.511   |
| Loss_hdm                  | -0.0806  |
| Loss_her                  | 0.137    |
| Loss_q                    | 0.0563   |
| offset                    | 6.13     |
| opt_steps                 | 8.4e+04  |
| q_bg                      | -8.97    |
| q_o2_a2                   | -8.57    |
| q_o2_eps_greedy           | -8.61    |
| q_o2_max                  | -8.55    |
| q_o2_soft                 | -8.85    |
| q_o2_soft_kl              | -8.94    |
| q_o2_targ                 | -8.57    |
| q_targ                    | -8.97    |
| replay_fill_ratio         | 0.094    |
| replay_size               | 1.88e+03 |
| reward                    | -0.537   |
| TestAgChangeRatio         | 1        |
| TestBestSuccessRate       | 0.4      |
| TestFinalDist             | 0.253    |
| TestSuccessRate           | 0.28     |
| Time                      | 659      |
| TimePerSeqRollout         | 0.312    |
| TimePerTrainIter          | 0.00523  |
| TotalTimeSteps            | 9.4e+04  |
| TrainAgChangeRatio        | 1        |
| TrainSuccess              | 0.425    |
----------------------------------------
Epoch 43 eval | final dist 0.282 | success rate 0.380 | best success 0.400
ckpt_name: Dec-16-11-59-7
Epoch 43: Iter (out of 40)= 0 1 2 3 4 5 6 7 8 9 10 11 12 13 14 15 16 17 18 19 20 21 22 23 24 25 26 27 28 29 30 31 32 33 34 35 36 37 38 39
----------------------------------------
| env_steps                 | 9.6e+04  |
| Epoch                     | 43       |
| exp_avg_reward            | 0.585    |
| exp_reward_avg            | 0.661    |
| hdm_gamma                 | 0.6      |
| hdm_gamma_auto            | 0.859    |
| hdm_gamma_zero_point      | 0.691    |
| hdm_q_o1                  | -9.18    |
| hdm_q_o2                  | -8.98    |
| hdm_q_to_minimize         | 0.146    |
| hdm_weights               | -0.317   |
| Inner_Test_AgChangeRatio  | 0.876    |
| Inner_Train_AgChangeRatio | 0.901    |
| log_hdm_gamma             | -0.511   |
| Loss_hdm                  | -0.0802  |
| Loss_her                  | 0.143    |
| Loss_q                    | 0.0625   |
| offset                    | 6.13     |
| opt_steps                 | 8.6e+04  |
| q_bg                      | -9.18    |
| q_o2_a2                   | -8.78    |
| q_o2_eps_greedy           | -8.82    |
| q_o2_max                  | -8.77    |
| q_o2_soft                 | -9.06    |
| q_o2_soft_kl              | -9.15    |
| q_o2_targ                 | -8.78    |
| q_targ                    | -9.18    |
| replay_fill_ratio         | 0.096    |
| replay_size               | 1.92e+03 |
| reward                    | -0.537   |
| TestAgChangeRatio         | 1        |
| TestBestSuccessRate       | 0.4      |
| TestFinalDist             | 0.282    |
| TestSuccessRate           | 0.38     |
| Time                      | 674      |
| TimePerSeqRollout         | 0.312    |
| TimePerTrainIter          | 0.00523  |
| TotalTimeSteps            | 9.6e+04  |
| TrainAgChangeRatio        | 1        |
| TrainSuccess              | 0.5      |
----------------------------------------
Epoch 44 eval | final dist 0.253 | success rate 0.380 | best success 0.400
ckpt_name: Dec-16-11-59-7
Epoch 44: Iter (out of 40)= 0 1 2 3 4 5 6 7 8 9 10 11 12 13 14 15 16 17 18 19 20 21 22 23 24 25 26 27 28 29 30 31 32 33 34 35 36 37 38 39
----------------------------------------
| env_steps                 | 9.8e+04  |
| Epoch                     | 44       |
| exp_avg_reward            | 0.585    |
| exp_reward_avg            | 0.661    |
| hdm_gamma                 | 0.6      |
| hdm_gamma_auto            | 0.859    |
| hdm_gamma_zero_point      | 0.723    |
| hdm_q_o1                  | -9.35    |
| hdm_q_o2                  | -9.16    |
| hdm_q_to_minimize         | 0.143    |
| hdm_weights               | -0.31    |
| Inner_Test_AgChangeRatio  | 0.884    |
| Inner_Train_AgChangeRatio | 0.888    |
| log_hdm_gamma             | -0.511   |
| Loss_hdm                  | -0.0777  |
| Loss_her                  | 0.142    |
| Loss_q                    | 0.064    |
| offset                    | 6.13     |
| opt_steps                 | 8.8e+04  |
| q_bg                      | -9.35    |
| q_o2_a2                   | -8.95    |
| q_o2_eps_greedy           | -8.99    |
| q_o2_max                  | -8.94    |
| q_o2_soft                 | -9.23    |
| q_o2_soft_kl              | -9.32    |
| q_o2_targ                 | -8.95    |
| q_targ                    | -9.35    |
| replay_fill_ratio         | 0.098    |
| replay_size               | 1.96e+03 |
| reward                    | -0.536   |
| TestAgChangeRatio         | 1        |
| TestBestSuccessRate       | 0.4      |
| TestFinalDist             | 0.253    |
| TestSuccessRate           | 0.38     |
| Time                      | 690      |
| TimePerSeqRollout         | 0.31     |
| TimePerTrainIter          | 0.00522  |
| TotalTimeSteps            | 9.8e+04  |
| TrainAgChangeRatio        | 1        |
| TrainSuccess              | 0.45     |
----------------------------------------
Epoch 45 eval | final dist 0.272 | success rate 0.360 | best success 0.400
ckpt_name: Dec-16-11-59-7
Epoch 45: Iter (out of 40)= 0 1 2 3 4 5 6 7 8 9 10 11 12 13 14 15 16 17 18 19 20 21 22 23 24 25 26 27 28 29 30 31 32 33 34 35 36 37 38 39
----------------------------------------
| env_steps                 | 1e+05    |
| Epoch                     | 45       |
| exp_avg_reward            | 0.585    |
| exp_reward_avg            | 0.661    |
| hdm_gamma                 | 0.6      |
| hdm_gamma_auto            | 0.859    |
| hdm_gamma_zero_point      | 0.739    |
| hdm_q_o1                  | -9.53    |
| hdm_q_o2                  | -9.35    |
| hdm_q_to_minimize         | 0.136    |
| hdm_weights               | -0.304   |
| Inner_Test_AgChangeRatio  | 0.898    |
| Inner_Train_AgChangeRatio | 0.887    |
| log_hdm_gamma             | -0.511   |
| Loss_hdm                  | -0.0745  |
| Loss_her                  | 0.143    |
| Loss_q                    | 0.0689   |
| offset                    | 6.14     |
| opt_steps                 | 9e+04    |
| q_bg                      | -9.53    |
| q_o2_a2                   | -9.14    |
| q_o2_eps_greedy           | -9.18    |
| q_o2_max                  | -9.13    |
| q_o2_soft                 | -9.42    |
| q_o2_soft_kl              | -9.51    |
| q_o2_targ                 | -9.14    |
| q_targ                    | -9.53    |
| replay_fill_ratio         | 0.1      |
| replay_size               | 2e+03    |
| reward                    | -0.536   |
| TestAgChangeRatio         | 1        |
| TestBestSuccessRate       | 0.4      |
| TestFinalDist             | 0.272    |
| TestSuccessRate           | 0.36     |
| Time                      | 705      |
| TimePerSeqRollout         | 0.31     |
| TimePerTrainIter          | 0.00522  |
| TotalTimeSteps            | 1e+05    |
| TrainAgChangeRatio        | 1        |
| TrainSuccess              | 0.375    |
----------------------------------------
Epoch 46 eval | final dist 0.620 | success rate 0.340 | best success 0.400
ckpt_name: Dec-16-11-59-7
Epoch 46: Iter (out of 40)= 0 1 2 3 4 5 6 7 8 9 10 11 12 13 14 15 16 17 18 19 20 21 22 23 24 25 26 27 28 29 30 31 32 33 34 35 36 37 38 39
----------------------------------------
| env_steps                 | 1.02e+05 |
| Epoch                     | 46       |
| exp_avg_reward            | 0.585    |
| exp_reward_avg            | 0.66     |
| hdm_gamma                 | 0.6      |
| hdm_gamma_auto            | 0.859    |
| hdm_gamma_zero_point      | 0.762    |
| hdm_q_o1                  | -9.75    |
| hdm_q_o2                  | -9.6     |
| hdm_q_to_minimize         | 0.135    |
| hdm_weights               | -0.298   |
| Inner_Test_AgChangeRatio  | 0.9      |
| Inner_Train_AgChangeRatio | 0.878    |
| log_hdm_gamma             | -0.511   |
| Loss_hdm                  | -0.0723  |
| Loss_her                  | 0.151    |
| Loss_q                    | 0.0786   |
| offset                    | 6.13     |
| opt_steps                 | 9.2e+04  |
| q_bg                      | -9.75    |
| q_o2_a2                   | -9.37    |
| q_o2_eps_greedy           | -9.41    |
| q_o2_max                  | -9.36    |
| q_o2_soft                 | -9.65    |
| q_o2_soft_kl              | -9.73    |
| q_o2_targ                 | -9.37    |
| q_targ                    | -9.75    |
| replay_fill_ratio         | 0.102    |
| replay_size               | 2.04e+03 |
| reward                    | -0.537   |
| TestAgChangeRatio         | 1        |
| TestBestSuccessRate       | 0.4      |
| TestFinalDist             | 0.62     |
| TestSuccessRate           | 0.34     |
| Time                      | 720      |
| TimePerSeqRollout         | 0.312    |
| TimePerTrainIter          | 0.00522  |
| TotalTimeSteps            | 1.02e+05 |
| TrainAgChangeRatio        | 1        |
| TrainSuccess              | 0.325    |
----------------------------------------
Epoch 47 eval | final dist 0.528 | success rate 0.360 | best success 0.400
ckpt_name: Dec-16-11-59-7
Epoch 47: Iter (out of 40)= 0 1 2 3 4 5 6 7 8 9 10 11 12 13 14 15 16 17 18 19 20 21 22 23 24 25 26 27 28 29 30 31 32 33 34 35 36 37 38 39
----------------------------------------
| env_steps                 | 1.04e+05 |
| Epoch                     | 47       |
| exp_avg_reward            | 0.585    |
| exp_reward_avg            | 0.661    |
| hdm_gamma                 | 0.6      |
| hdm_gamma_auto            | 0.859    |
| hdm_gamma_zero_point      | 0.754    |
| hdm_q_o1                  | -9.95    |
| hdm_q_o2                  | -9.79    |
| hdm_q_to_minimize         | 0.128    |
| hdm_weights               | -0.293   |
| Inner_Test_AgChangeRatio  | 0.888    |
| Inner_Train_AgChangeRatio | 0.886    |
| log_hdm_gamma             | -0.511   |
| Loss_hdm                  | -0.0689  |
| Loss_her                  | 0.147    |
| Loss_q                    | 0.0786   |
| offset                    | 6.13     |
| opt_steps                 | 9.4e+04  |
| q_bg                      | -9.95    |
| q_o2_a2                   | -9.58    |
| q_o2_eps_greedy           | -9.61    |
| q_o2_max                  | -9.57    |
| q_o2_soft                 | -9.86    |
| q_o2_soft_kl              | -9.94    |
| q_o2_targ                 | -9.58    |
| q_targ                    | -9.95    |
| replay_fill_ratio         | 0.104    |
| replay_size               | 2.08e+03 |
| reward                    | -0.536   |
| TestAgChangeRatio         | 1        |
| TestBestSuccessRate       | 0.4      |
| TestFinalDist             | 0.528    |
| TestSuccessRate           | 0.36     |
| Time                      | 735      |
| TimePerSeqRollout         | 0.312    |
| TimePerTrainIter          | 0.00522  |
| TotalTimeSteps            | 1.04e+05 |
| TrainAgChangeRatio        | 1        |
| TrainSuccess              | 0.425    |
----------------------------------------
Epoch 48 eval | final dist 0.188 | success rate 0.480 | best success 0.480
ckpt_name: Dec-16-11-59-7
Epoch 48: Iter (out of 40)= 0 1 2 3 4 5 6 7 8 9 10 11 12 13 14 15 16 17 18 19 20 21 22 23 24 25 26 27 28 29 30 31 32 33 34 35 36 37 38 39
----------------------------------------
| env_steps                 | 1.06e+05 |
| Epoch                     | 48       |
| exp_avg_reward            | 0.585    |
| exp_reward_avg            | 0.661    |
| hdm_gamma                 | 0.6      |
| hdm_gamma_auto            | 0.858    |
| hdm_gamma_zero_point      | 0.762    |
| hdm_q_o1                  | -10.2    |
| hdm_q_o2                  | -10      |
| hdm_q_to_minimize         | 0.126    |
| hdm_weights               | -0.287   |
| Inner_Test_AgChangeRatio  | 0.877    |
| Inner_Train_AgChangeRatio | 0.89     |
| log_hdm_gamma             | -0.511   |
| Loss_hdm                  | -0.0671  |
| Loss_her                  | 0.15     |
| Loss_q                    | 0.0824   |
| offset                    | 6.12     |
| opt_steps                 | 9.6e+04  |
| q_bg                      | -10.2    |
| q_o2_a2                   | -9.8     |
| q_o2_eps_greedy           | -9.83    |
| q_o2_max                  | -9.79    |
| q_o2_soft                 | -10.1    |
| q_o2_soft_kl              | -10.2    |
| q_o2_targ                 | -9.8     |
| q_targ                    | -10.2    |
| replay_fill_ratio         | 0.106    |
| replay_size               | 2.12e+03 |
| reward                    | -0.536   |
| TestAgChangeRatio         | 1        |
| TestBestSuccessRate       | 0.48     |
| TestFinalDist             | 0.188    |
| TestSuccessRate           | 0.48     |
| Time                      | 751      |
| TimePerSeqRollout         | 0.311    |
| TimePerTrainIter          | 0.00522  |
| TotalTimeSteps            | 1.06e+05 |
| TrainAgChangeRatio        | 1        |
| TrainSuccess              | 0.375    |
----------------------------------------
Epoch 49 eval | final dist 0.315 | success rate 0.480 | best success 0.480
ckpt_name: Dec-16-11-59-7
Epoch 49: Iter (out of 40)= 0 1 2 3 4 5 6 7 8 9 10 11 12 13 14 15 16 17 18 19 20 21 22 23 24 25 26 27 28 29 30 31 32 33 34 35 36 37 38 39
----------------------------------------
| env_steps                 | 1.08e+05 |
| Epoch                     | 49       |
| exp_avg_reward            | 0.585    |
| exp_reward_avg            | 0.66     |
| hdm_gamma                 | 0.6      |
| hdm_gamma_auto            | 0.859    |
| hdm_gamma_zero_point      | 0.747    |
| hdm_q_o1                  | -10.4    |
| hdm_q_o2                  | -10.2    |
| hdm_q_to_minimize         | 0.126    |
| hdm_weights               | -0.286   |
| Inner_Test_AgChangeRatio  | 0.874    |
| Inner_Train_AgChangeRatio | 0.888    |
| log_hdm_gamma             | -0.511   |
| Loss_hdm                  | -0.0656  |
| Loss_her                  | 0.154    |
| Loss_q                    | 0.0883   |
| offset                    | 6.14     |
| opt_steps                 | 9.8e+04  |
| q_bg                      | -10.4    |
| q_o2_a2                   | -10      |
| q_o2_eps_greedy           | -10.1    |
| q_o2_max                  | -10      |
| q_o2_soft                 | -10.3    |
| q_o2_soft_kl              | -10.4    |
| q_o2_targ                 | -10      |
| q_targ                    | -10.4    |
| replay_fill_ratio         | 0.108    |
| replay_size               | 2.16e+03 |
| reward                    | -0.537   |
| TestAgChangeRatio         | 1        |
| TestBestSuccessRate       | 0.48     |
| TestFinalDist             | 0.315    |
| TestSuccessRate           | 0.48     |
| Time                      | 766      |
| TimePerSeqRollout         | 0.312    |
| TimePerTrainIter          | 0.00523  |
| TotalTimeSteps            | 1.08e+05 |
| TrainAgChangeRatio        | 1        |
| TrainSuccess              | 0.375    |
----------------------------------------
Epoch 50 eval | final dist 0.271 | success rate 0.360 | best success 0.480
ckpt_name: Dec-16-11-59-7
Epoch 50: Iter (out of 40)= 0 1 2 3 4 5 6 7 8 9 10 11 12 13 14 15 16 17 18 19 20 21 22 23 24 25 26 27 28 29 30 31 32 33 34 35 36 37 38 39
----------------------------------------
| env_steps                 | 1.1e+05  |
| Epoch                     | 50       |
| exp_avg_reward            | 0.585    |
| exp_reward_avg            | 0.661    |
| hdm_gamma                 | 0.6      |
| hdm_gamma_auto            | 0.858    |
| hdm_gamma_zero_point      | 0.75     |
| hdm_q_o1                  | -10.6    |
| hdm_q_o2                  | -10.5    |
| hdm_q_to_minimize         | 0.123    |
| hdm_weights               | -0.28    |
| Inner_Test_AgChangeRatio  | 0.88     |
| Inner_Train_AgChangeRatio | 0.889    |
| log_hdm_gamma             | -0.511   |
| Loss_hdm                  | -0.0635  |
| Loss_her                  | 0.153    |
| Loss_q                    | 0.0894   |
| offset                    | 6.12     |
| opt_steps                 | 1e+05    |
| q_bg                      | -10.6    |
| q_o2_a2                   | -10.2    |
| q_o2_eps_greedy           | -10.3    |
| q_o2_max                  | -10.2    |
| q_o2_soft                 | -10.5    |
| q_o2_soft_kl              | -10.6    |
| q_o2_targ                 | -10.2    |
| q_targ                    | -10.6    |
| replay_fill_ratio         | 0.11     |
| replay_size               | 2.2e+03  |
| reward                    | -0.536   |
| TestAgChangeRatio         | 1        |
| TestBestSuccessRate       | 0.48     |
| TestFinalDist             | 0.271    |
| TestSuccessRate           | 0.36     |
| Time                      | 781      |
| TimePerSeqRollout         | 0.311    |
| TimePerTrainIter          | 0.00523  |
| TotalTimeSteps            | 1.1e+05  |
| TrainAgChangeRatio        | 1        |
| TrainSuccess              | 0.55     |
----------------------------------------
Epoch 51 eval | final dist 0.189 | success rate 0.500 | best success 0.500
ckpt_name: Dec-16-11-59-7
Epoch 51: Iter (out of 40)= 0 1 2 3 4 5 6 7 8 9 10 11 12 13 14 15 16 17 18 19 20 21 22 23 24 25 26 27 28 29 30 31 32 33 34 35 36 37 38 39
----------------------------------------
| env_steps                 | 1.12e+05 |
| Epoch                     | 51       |
| exp_avg_reward            | 0.584    |
| exp_reward_avg            | 0.66     |
| hdm_gamma                 | 0.6      |
| hdm_gamma_auto            | 0.859    |
| hdm_gamma_zero_point      | 0.74     |
| hdm_q_o1                  | -10.8    |
| hdm_q_o2                  | -10.7    |
| hdm_q_to_minimize         | 0.12     |
| hdm_weights               | -0.276   |
| Inner_Test_AgChangeRatio  | 0.881    |
| Inner_Train_AgChangeRatio | 0.896    |
| log_hdm_gamma             | -0.511   |
| Loss_hdm                  | -0.0614  |
| Loss_her                  | 0.156    |
| Loss_q                    | 0.0945   |
| offset                    | 6.14     |
| opt_steps                 | 1.02e+05 |
| q_bg                      | -10.8    |
| q_o2_a2                   | -10.5    |
| q_o2_eps_greedy           | -10.5    |
| q_o2_max                  | -10.5    |
| q_o2_soft                 | -10.8    |
| q_o2_soft_kl              | -10.9    |
| q_o2_targ                 | -10.5    |
| q_targ                    | -10.8    |
| replay_fill_ratio         | 0.112    |
| replay_size               | 2.24e+03 |
| reward                    | -0.538   |
| TestAgChangeRatio         | 1        |
| TestBestSuccessRate       | 0.5      |
| TestFinalDist             | 0.189    |
| TestSuccessRate           | 0.5      |
| Time                      | 796      |
| TimePerSeqRollout         | 0.311    |
| TimePerTrainIter          | 0.00523  |
| TotalTimeSteps            | 1.12e+05 |
| TrainAgChangeRatio        | 1        |
| TrainSuccess              | 0.425    |
----------------------------------------
Epoch 52 eval | final dist 0.270 | success rate 0.440 | best success 0.500
ckpt_name: Dec-16-11-59-7
Epoch 52: Iter (out of 40)= 0 1 2 3 4 5 6 7 8 9 10 11 12 13 14 15 16 17 18 19 20 21 22 23 24 25 26 27 28 29 30 31 32 33 34 35 36 37 38 39
----------------------------------------
| env_steps                 | 1.14e+05 |
| Epoch                     | 52       |
| exp_avg_reward            | 0.585    |
| exp_reward_avg            | 0.661    |
| hdm_gamma                 | 0.6      |
| hdm_gamma_auto            | 0.859    |
| hdm_gamma_zero_point      | 0.721    |
| hdm_q_o1                  | -11.1    |
| hdm_q_o2                  | -11      |
| hdm_q_to_minimize         | 0.122    |
| hdm_weights               | -0.273   |
| Inner_Test_AgChangeRatio  | 0.886    |
| Inner_Train_AgChangeRatio | 0.874    |
| log_hdm_gamma             | -0.511   |
| Loss_hdm                  | -0.0603  |
| Loss_her                  | 0.158    |
| Loss_q                    | 0.0979   |
| offset                    | 6.15     |
| opt_steps                 | 1.04e+05 |
| q_bg                      | -11.1    |
| q_o2_a2                   | -10.7    |
| q_o2_eps_greedy           | -10.8    |
| q_o2_max                  | -10.7    |
| q_o2_soft                 | -11      |
| q_o2_soft_kl              | -11.1    |
| q_o2_targ                 | -10.7    |
| q_targ                    | -11.1    |
| replay_fill_ratio         | 0.114    |
| replay_size               | 2.28e+03 |
| reward                    | -0.537   |
| TestAgChangeRatio         | 1        |
| TestBestSuccessRate       | 0.5      |
| TestFinalDist             | 0.27     |
| TestSuccessRate           | 0.44     |
| Time                      | 811      |
| TimePerSeqRollout         | 0.311    |
| TimePerTrainIter          | 0.00523  |
| TotalTimeSteps            | 1.14e+05 |
| TrainAgChangeRatio        | 1        |
| TrainSuccess              | 0.525    |
----------------------------------------
Epoch 53 eval | final dist 0.199 | success rate 0.500 | best success 0.500
ckpt_name: Dec-16-11-59-7
Epoch 53: Iter (out of 40)= 0 1 2 3 4 5 6 7 8 9 10 11 12 13 14 15 16 17 18 19 20 21 22 23 24 25 26 27 28 29 30 31 32 33 34 35 36 37 38 39
----------------------------------------
| env_steps                 | 1.16e+05 |
| Epoch                     | 53       |
| exp_avg_reward            | 0.585    |
| exp_reward_avg            | 0.661    |
| hdm_gamma                 | 0.6      |
| hdm_gamma_auto            | 0.858    |
| hdm_gamma_zero_point      | 0.74     |
| hdm_q_o1                  | -11.3    |
| hdm_q_o2                  | -11.2    |
| hdm_q_to_minimize         | 0.115    |
| hdm_weights               | -0.268   |
| Inner_Test_AgChangeRatio  | 0.894    |
| Inner_Train_AgChangeRatio | 0.867    |
| log_hdm_gamma             | -0.511   |
| Loss_hdm                  | -0.0575  |
| Loss_her                  | 0.157    |
| Loss_q                    | 0.0996   |
| offset                    | 6.11     |
| opt_steps                 | 1.06e+05 |
| q_bg                      | -11.3    |
| q_o2_a2                   | -10.9    |
| q_o2_eps_greedy           | -11      |
| q_o2_max                  | -10.9    |
| q_o2_soft                 | -11.2    |
| q_o2_soft_kl              | -11.3    |
| q_o2_targ                 | -10.9    |
| q_targ                    | -11.3    |
| replay_fill_ratio         | 0.116    |
| replay_size               | 2.32e+03 |
| reward                    | -0.537   |
| TestAgChangeRatio         | 1        |
| TestBestSuccessRate       | 0.5      |
| TestFinalDist             | 0.199    |
| TestSuccessRate           | 0.5      |
| Time                      | 827      |
| TimePerSeqRollout         | 0.312    |
| TimePerTrainIter          | 0.00523  |
| TotalTimeSteps            | 1.16e+05 |
| TrainAgChangeRatio        | 1        |
| TrainSuccess              | 0.55     |
----------------------------------------
Epoch 54 eval | final dist 0.184 | success rate 0.640 | best success 0.640
ckpt_name: Dec-16-11-59-7
Epoch 54: Iter (out of 40)= 0 1 2 3 4 5 6 7 8 9 10 11 12 13 14 15 16 17 18 19 20 21 22 23 24 25 26 27 28 29 30 31 32 33 34 35 36 37 38 39
----------------------------------------
| env_steps                 | 1.18e+05 |
| Epoch                     | 54       |
| exp_avg_reward            | 0.585    |
| exp_reward_avg            | 0.661    |
| hdm_gamma                 | 0.6      |
| hdm_gamma_auto            | 0.858    |
| hdm_gamma_zero_point      | 0.731    |
| hdm_q_o1                  | -11.5    |
| hdm_q_o2                  | -11.4    |
| hdm_q_to_minimize         | 0.115    |
| hdm_weights               | -0.264   |
| Inner_Test_AgChangeRatio  | 0.86     |
| Inner_Train_AgChangeRatio | 0.883    |
| log_hdm_gamma             | -0.511   |
| Loss_hdm                  | -0.0555  |
| Loss_her                  | 0.161    |
| Loss_q                    | 0.105    |
| offset                    | 6.11     |
| opt_steps                 | 1.08e+05 |
| q_bg                      | -11.5    |
| q_o2_a2                   | -11.2    |
| q_o2_eps_greedy           | -11.2    |
| q_o2_max                  | -11.2    |
| q_o2_soft                 | -11.5    |
| q_o2_soft_kl              | -11.5    |
| q_o2_targ                 | -11.2    |
| q_targ                    | -11.5    |
| replay_fill_ratio         | 0.118    |
| replay_size               | 2.36e+03 |
| reward                    | -0.536   |
| TestAgChangeRatio         | 1        |
| TestBestSuccessRate       | 0.64     |
| TestFinalDist             | 0.184    |
| TestSuccessRate           | 0.64     |
| Time                      | 842      |
| TimePerSeqRollout         | 0.311    |
| TimePerTrainIter          | 0.00523  |
| TotalTimeSteps            | 1.18e+05 |
| TrainAgChangeRatio        | 1        |
| TrainSuccess              | 0.6      |
----------------------------------------
Epoch 55 eval | final dist 0.414 | success rate 0.340 | best success 0.640
ckpt_name: Dec-16-11-59-7
Epoch 55: Iter (out of 40)= 0 1 2 3 4 5 6 7 8 9 10 11 12 13 14 15 16 17 18 19 20 21 22 23 24 25 26 27 28 29 30 31 32 33 34 35 36 37 38 39
----------------------------------------
| env_steps                 | 1.2e+05  |
| Epoch                     | 55       |
| exp_avg_reward            | 0.585    |
| exp_reward_avg            | 0.661    |
| hdm_gamma                 | 0.6      |
| hdm_gamma_auto            | 0.858    |
| hdm_gamma_zero_point      | 0.733    |
| hdm_q_o1                  | -11.7    |
| hdm_q_o2                  | -11.6    |
| hdm_q_to_minimize         | 0.114    |
| hdm_weights               | -0.261   |
| Inner_Test_AgChangeRatio  | 0.88     |
| Inner_Train_AgChangeRatio | 0.893    |
| log_hdm_gamma             | -0.511   |
| Loss_hdm                  | -0.0539  |
| Loss_her                  | 0.163    |
| Loss_q                    | 0.109    |
| offset                    | 6.12     |
| opt_steps                 | 1.1e+05  |
| q_bg                      | -11.7    |
| q_o2_a2                   | -11.4    |
| q_o2_eps_greedy           | -11.4    |
| q_o2_max                  | -11.4    |
| q_o2_soft                 | -11.7    |
| q_o2_soft_kl              | -11.7    |
| q_o2_targ                 | -11.4    |
| q_targ                    | -11.7    |
| replay_fill_ratio         | 0.12     |
| replay_size               | 2.4e+03  |
| reward                    | -0.536   |
| TestAgChangeRatio         | 1        |
| TestBestSuccessRate       | 0.64     |
| TestFinalDist             | 0.414    |
| TestSuccessRate           | 0.34     |
| Time                      | 857      |
| TimePerSeqRollout         | 0.311    |
| TimePerTrainIter          | 0.00523  |
| TotalTimeSteps            | 1.2e+05  |
| TrainAgChangeRatio        | 1        |
| TrainSuccess              | 0.525    |
----------------------------------------
Epoch 56 eval | final dist 0.188 | success rate 0.520 | best success 0.640
ckpt_name: Dec-16-11-59-7
Epoch 56: Iter (out of 40)= 0 1 2 3 4 5 6 7 8 9 10 11 12 13 14 15 16 17 18 19 20 21 22 23 24 25 26 27 28 29 30 31 32 33 34 35 36 37 38 39
----------------------------------------
| env_steps                 | 1.22e+05 |
| Epoch                     | 56       |
| exp_avg_reward            | 0.585    |
| exp_reward_avg            | 0.661    |
| hdm_gamma                 | 0.6      |
| hdm_gamma_auto            | 0.859    |
| hdm_gamma_zero_point      | 0.741    |
| hdm_q_o1                  | -11.9    |
| hdm_q_o2                  | -11.8    |
| hdm_q_to_minimize         | 0.111    |
| hdm_weights               | -0.258   |
| Inner_Test_AgChangeRatio  | 0.888    |
| Inner_Train_AgChangeRatio | 0.86     |
| log_hdm_gamma             | -0.511   |
| Loss_hdm                  | -0.0521  |
| Loss_her                  | 0.166    |
| Loss_q                    | 0.114    |
| offset                    | 6.13     |
| opt_steps                 | 1.12e+05 |
| q_bg                      | -11.9    |
| q_o2_a2                   | -11.6    |
| q_o2_eps_greedy           | -11.7    |
| q_o2_max                  | -11.6    |
| q_o2_soft                 | -11.9    |
| q_o2_soft_kl              | -12      |
| q_o2_targ                 | -11.6    |
| q_targ                    | -11.9    |
| replay_fill_ratio         | 0.122    |
| replay_size               | 2.44e+03 |
| reward                    | -0.536   |
| TestAgChangeRatio         | 1        |
| TestBestSuccessRate       | 0.64     |
| TestFinalDist             | 0.188    |
| TestSuccessRate           | 0.52     |
| Time                      | 872      |
| TimePerSeqRollout         | 0.311    |
| TimePerTrainIter          | 0.00522  |
| TotalTimeSteps            | 1.22e+05 |
| TrainAgChangeRatio        | 1        |
| TrainSuccess              | 0.475    |
----------------------------------------
Epoch 57 eval | final dist 0.136 | success rate 0.540 | best success 0.640
ckpt_name: Dec-16-11-59-7
Epoch 57: Iter (out of 40)= 0 1 2 3 4 5 6 7 8 9 10 11 12 13 14 15 16 17 18 19 20 21 22 23 24 25 26 27 28 29 30 31 32 33 34 35 36 37 38 39
----------------------------------------
| env_steps                 | 1.24e+05 |
| Epoch                     | 57       |
| exp_avg_reward            | 0.585    |
| exp_reward_avg            | 0.66     |
| hdm_gamma                 | 0.6      |
| hdm_gamma_auto            | 0.859    |
| hdm_gamma_zero_point      | 0.732    |
| hdm_q_o1                  | -12.2    |
| hdm_q_o2                  | -12.1    |
| hdm_q_to_minimize         | 0.111    |
| hdm_weights               | -0.257   |
| Inner_Test_AgChangeRatio  | 0.885    |
| Inner_Train_AgChangeRatio | 0.88     |
| log_hdm_gamma             | -0.511   |
| Loss_hdm                  | -0.0513  |
| Loss_her                  | 0.168    |
| Loss_q                    | 0.117    |
| offset                    | 6.14     |
| opt_steps                 | 1.14e+05 |
| q_bg                      | -12.2    |
| q_o2_a2                   | -11.8    |
| q_o2_eps_greedy           | -11.9    |
| q_o2_max                  | -11.8    |
| q_o2_soft                 | -12.1    |
| q_o2_soft_kl              | -12.2    |
| q_o2_targ                 | -11.8    |
| q_targ                    | -12.2    |
| replay_fill_ratio         | 0.124    |
| replay_size               | 2.48e+03 |
| reward                    | -0.537   |
| TestAgChangeRatio         | 1        |
| TestBestSuccessRate       | 0.64     |
| TestFinalDist             | 0.136    |
| TestSuccessRate           | 0.54     |
| Time                      | 888      |
| TimePerSeqRollout         | 0.313    |
| TimePerTrainIter          | 0.00524  |
| TotalTimeSteps            | 1.24e+05 |
| TrainAgChangeRatio        | 1        |
| TrainSuccess              | 0.5      |
----------------------------------------
Epoch 58 eval | final dist 0.101 | success rate 0.700 | best success 0.700
ckpt_name: Dec-16-11-59-7
Epoch 58: Iter (out of 40)= 0 1 2 3 4 5 6 7 8 9 10 11 12 13 14 15 16 17 18 19 20 21 22 23 24 25 26 27 28 29 30 31 32 33 34 35 36 37 38 39
----------------------------------------
| env_steps                 | 1.26e+05 |
| Epoch                     | 58       |
| exp_avg_reward            | 0.584    |
| exp_reward_avg            | 0.66     |
| hdm_gamma                 | 0.6      |
| hdm_gamma_auto            | 0.859    |
| hdm_gamma_zero_point      | 0.719    |
| hdm_q_o1                  | -12.4    |
| hdm_q_o2                  | -12.3    |
| hdm_q_to_minimize         | 0.113    |
| hdm_weights               | -0.255   |
| Inner_Test_AgChangeRatio  | 0.88     |
| Inner_Train_AgChangeRatio | 0.897    |
| log_hdm_gamma             | -0.511   |
| Loss_hdm                  | -0.0504  |
| Loss_her                  | 0.167    |
| Loss_q                    | 0.116    |
| offset                    | 6.15     |
| opt_steps                 | 1.16e+05 |
| q_bg                      | -12.4    |
| q_o2_a2                   | -12.1    |
| q_o2_eps_greedy           | -12.1    |
| q_o2_max                  | -12.1    |
| q_o2_soft                 | -12.4    |
| q_o2_soft_kl              | -12.4    |
| q_o2_targ                 | -12.1    |
| q_targ                    | -12.4    |
| replay_fill_ratio         | 0.126    |
| replay_size               | 2.52e+03 |
| reward                    | -0.538   |
| TestAgChangeRatio         | 1        |
| TestBestSuccessRate       | 0.7      |
| TestFinalDist             | 0.101    |
| TestSuccessRate           | 0.7      |
| Time                      | 903      |
| TimePerSeqRollout         | 0.312    |
| TimePerTrainIter          | 0.00524  |
| TotalTimeSteps            | 1.26e+05 |
| TrainAgChangeRatio        | 1        |
| TrainSuccess              | 0.65     |
----------------------------------------
Epoch 59 eval | final dist 0.186 | success rate 0.520 | best success 0.700
ckpt_name: Dec-16-11-59-7
Epoch 59: Iter (out of 40)= 0 1 2 3 4 5 6 7 8 9 10 11 12 13 14 15 16 17 18 19 20 21 22 23 24 25 26 27 28 29 30 31 32 33 34 35 36 37 38 39
----------------------------------------
| env_steps                 | 1.28e+05 |
| Epoch                     | 59       |
| exp_avg_reward            | 0.585    |
| exp_reward_avg            | 0.661    |
| hdm_gamma                 | 0.6      |
| hdm_gamma_auto            | 0.858    |
| hdm_gamma_zero_point      | 0.722    |
| hdm_q_o1                  | -12.5    |
| hdm_q_o2                  | -12.4    |
| hdm_q_to_minimize         | 0.113    |
| hdm_weights               | -0.254   |
| Inner_Test_AgChangeRatio  | 0.89     |
| Inner_Train_AgChangeRatio | 0.88     |
| log_hdm_gamma             | -0.511   |
| Loss_hdm                  | -0.05    |
| Loss_her                  | 0.173    |
| Loss_q                    | 0.123    |
| offset                    | 6.11     |
| opt_steps                 | 1.18e+05 |
| q_bg                      | -12.5    |
| q_o2_a2                   | -12.2    |
| q_o2_eps_greedy           | -12.2    |
| q_o2_max                  | -12.2    |
| q_o2_soft                 | -12.5    |
| q_o2_soft_kl              | -12.6    |
| q_o2_targ                 | -12.2    |
| q_targ                    | -12.5    |
| replay_fill_ratio         | 0.128    |
| replay_size               | 2.56e+03 |
| reward                    | -0.536   |
| TestAgChangeRatio         | 1        |
| TestBestSuccessRate       | 0.7      |
| TestFinalDist             | 0.186    |
| TestSuccessRate           | 0.52     |
| Time                      | 918      |
| TimePerSeqRollout         | 0.312    |
| TimePerTrainIter          | 0.00524  |
| TotalTimeSteps            | 1.28e+05 |
| TrainAgChangeRatio        | 1        |
| TrainSuccess              | 0.45     |
----------------------------------------
Epoch 60 eval | final dist 0.131 | success rate 0.620 | best success 0.700
ckpt_name: Dec-16-11-59-7
Epoch 60: Iter (out of 40)= 0 1 2 3 4 5 6 7 8 9 10 11 12 13 14 15 16 17 18 19 20 21 22 23 24 25 26 27 28 29 30 31 32 33 34 35 36 37 38 39
----------------------------------------
| env_steps                 | 1.3e+05  |
| Epoch                     | 60       |
| exp_avg_reward            | 0.585    |
| exp_reward_avg            | 0.661    |
| hdm_gamma                 | 0.6      |
| hdm_gamma_auto            | 0.858    |
| hdm_gamma_zero_point      | 0.729    |
| hdm_q_o1                  | -12.7    |
| hdm_q_o2                  | -12.6    |
| hdm_q_to_minimize         | 0.113    |
| hdm_weights               | -0.251   |
| Inner_Test_AgChangeRatio  | 0.882    |
| Inner_Train_AgChangeRatio | 0.888    |
| log_hdm_gamma             | -0.511   |
| Loss_hdm                  | -0.0491  |
| Loss_her                  | 0.176    |
| Loss_q                    | 0.127    |
| offset                    | 6.11     |
| opt_steps                 | 1.2e+05  |
| q_bg                      | -12.7    |
| q_o2_a2                   | -12.4    |
| q_o2_eps_greedy           | -12.4    |
| q_o2_max                  | -12.4    |
| q_o2_soft                 | -12.7    |
| q_o2_soft_kl              | -12.8    |
| q_o2_targ                 | -12.4    |
| q_targ                    | -12.7    |
| replay_fill_ratio         | 0.13     |
| replay_size               | 2.6e+03  |
| reward                    | -0.536   |
| TestAgChangeRatio         | 1        |
| TestBestSuccessRate       | 0.7      |
| TestFinalDist             | 0.131    |
| TestSuccessRate           | 0.62     |
| Time                      | 934      |
| TimePerSeqRollout         | 0.312    |
| TimePerTrainIter          | 0.00524  |
| TotalTimeSteps            | 1.3e+05  |
| TrainAgChangeRatio        | 1        |
| TrainSuccess              | 0.475    |
----------------------------------------
Epoch 61 eval | final dist 0.176 | success rate 0.620 | best success 0.700
ckpt_name: Dec-16-11-59-7
Epoch 61: Iter (out of 40)= 0 1 2 3 4 5 6 7 8 9 10 11 12 13 14 15 16 17 18 19 20 21 22 23 24 25 26 27 28 29 30 31 32 33 34 35 36 37 38 39
----------------------------------------
| env_steps                 | 1.32e+05 |
| Epoch                     | 61       |
| exp_avg_reward            | 0.585    |
| exp_reward_avg            | 0.661    |
| hdm_gamma                 | 0.6      |
| hdm_gamma_auto            | 0.859    |
| hdm_gamma_zero_point      | 0.732    |
| hdm_q_o1                  | -12.9    |
| hdm_q_o2                  | -12.8    |
| hdm_q_to_minimize         | 0.112    |
| hdm_weights               | -0.248   |
| Inner_Test_AgChangeRatio  | 0.877    |
| Inner_Train_AgChangeRatio | 0.882    |
| log_hdm_gamma             | -0.511   |
| Loss_hdm                  | -0.0476  |
| Loss_her                  | 0.171    |
| Loss_q                    | 0.124    |
| offset                    | 6.14     |
| opt_steps                 | 1.22e+05 |
| q_bg                      | -12.9    |
| q_o2_a2                   | -12.6    |
| q_o2_eps_greedy           | -12.6    |
| q_o2_max                  | -12.6    |
| q_o2_soft                 | -12.9    |
| q_o2_soft_kl              | -13      |
| q_o2_targ                 | -12.6    |
| q_targ                    | -12.9    |
| replay_fill_ratio         | 0.132    |
| replay_size               | 2.64e+03 |
| reward                    | -0.536   |
| TestAgChangeRatio         | 1        |
| TestBestSuccessRate       | 0.7      |
| TestFinalDist             | 0.176    |
| TestSuccessRate           | 0.62     |
| Time                      | 949      |
| TimePerSeqRollout         | 0.312    |
| TimePerTrainIter          | 0.00524  |
| TotalTimeSteps            | 1.32e+05 |
| TrainAgChangeRatio        | 1        |
| TrainSuccess              | 0.6      |
----------------------------------------
Epoch 62 eval | final dist 0.125 | success rate 0.660 | best success 0.700
ckpt_name: Dec-16-11-59-7
Epoch 62: Iter (out of 40)= 0 1 2 3 4 5 6 7 8 9 10 11 12 13 14 15 16 17 18 19 20 21 22 23 24 25 26 27 28 29 30 31 32 33 34 35 36 37 38 39
----------------------------------------
| env_steps                 | 1.34e+05 |
| Epoch                     | 62       |
| exp_avg_reward            | 0.586    |
| exp_reward_avg            | 0.661    |
| hdm_gamma                 | 0.6      |
| hdm_gamma_auto            | 0.858    |
| hdm_gamma_zero_point      | 0.728    |
| hdm_q_o1                  | -13.1    |
| hdm_q_o2                  | -13      |
| hdm_q_to_minimize         | 0.112    |
| hdm_weights               | -0.244   |
| Inner_Test_AgChangeRatio  | 0.878    |
| Inner_Train_AgChangeRatio | 0.905    |
| log_hdm_gamma             | -0.511   |
| Loss_hdm                  | -0.0464  |
| Loss_her                  | 0.174    |
| Loss_q                    | 0.127    |
| offset                    | 6.1      |
| opt_steps                 | 1.24e+05 |
| q_bg                      | -13.1    |
| q_o2_a2                   | -12.8    |
| q_o2_eps_greedy           | -12.8    |
| q_o2_max                  | -12.8    |
| q_o2_soft                 | -13.1    |
| q_o2_soft_kl              | -13.1    |
| q_o2_targ                 | -12.8    |
| q_targ                    | -13.1    |
| replay_fill_ratio         | 0.134    |
| replay_size               | 2.68e+03 |
| reward                    | -0.536   |
| TestAgChangeRatio         | 1        |
| TestBestSuccessRate       | 0.7      |
| TestFinalDist             | 0.125    |
| TestSuccessRate           | 0.66     |
| Time                      | 964      |
| TimePerSeqRollout         | 0.313    |
| TimePerTrainIter          | 0.00523  |
| TotalTimeSteps            | 1.34e+05 |
| TrainAgChangeRatio        | 1        |
| TrainSuccess              | 0.65     |
----------------------------------------
Epoch 63 eval | final dist 0.087 | success rate 0.740 | best success 0.740
ckpt_name: Dec-16-11-59-7
Epoch 63: Iter (out of 40)= 0 1 2 3 4 5 6 7 8 9 10 11 12 13 14 15 16 17 18 19 20 21 22 23 24 25 26 27 28 29 30 31 32 33 34 35 36 37 38 39
----------------------------------------
| env_steps                 | 1.36e+05 |
| Epoch                     | 63       |
| exp_avg_reward            | 0.585    |
| exp_reward_avg            | 0.661    |
| hdm_gamma                 | 0.6      |
| hdm_gamma_auto            | 0.859    |
| hdm_gamma_zero_point      | 0.73     |
| hdm_q_o1                  | -13.3    |
| hdm_q_o2                  | -13.2    |
| hdm_q_to_minimize         | 0.113    |
| hdm_weights               | -0.241   |
| Inner_Test_AgChangeRatio  | 0.849    |
| Inner_Train_AgChangeRatio | 0.883    |
| log_hdm_gamma             | -0.511   |
| Loss_hdm                  | -0.0462  |
| Loss_her                  | 0.177    |
| Loss_q                    | 0.131    |
| offset                    | 6.13     |
| opt_steps                 | 1.26e+05 |
| q_bg                      | -13.3    |
| q_o2_a2                   | -13      |
| q_o2_eps_greedy           | -13      |
| q_o2_max                  | -13      |
| q_o2_soft                 | -13.3    |
| q_o2_soft_kl              | -13.4    |
| q_o2_targ                 | -13      |
| q_targ                    | -13.3    |
| replay_fill_ratio         | 0.136    |
| replay_size               | 2.72e+03 |
| reward                    | -0.537   |
| TestAgChangeRatio         | 1        |
| TestBestSuccessRate       | 0.74     |
| TestFinalDist             | 0.0871   |
| TestSuccessRate           | 0.74     |
| Time                      | 979      |
| TimePerSeqRollout         | 0.313    |
| TimePerTrainIter          | 0.00524  |
| TotalTimeSteps            | 1.36e+05 |
| TrainAgChangeRatio        | 1        |
| TrainSuccess              | 0.675    |
----------------------------------------
Epoch 64 eval | final dist 0.173 | success rate 0.580 | best success 0.740
ckpt_name: Dec-16-11-59-7
Epoch 64: Iter (out of 40)= 0 1 2 3 4 5 6 7 8 9 10 11 12 13 14 15 16 17 18 19 20 21 22 23 24 25 26 27 28 29 30 31 32 33 34 35 36 37 38 39
----------------------------------------
| env_steps                 | 1.38e+05 |
| Epoch                     | 64       |
| exp_avg_reward            | 0.585    |
| exp_reward_avg            | 0.661    |
| hdm_gamma                 | 0.6      |
| hdm_gamma_auto            | 0.858    |
| hdm_gamma_zero_point      | 0.727    |
| hdm_q_o1                  | -13.5    |
| hdm_q_o2                  | -13.4    |
| hdm_q_to_minimize         | 0.113    |
| hdm_weights               | -0.236   |
| Inner_Test_AgChangeRatio  | 0.864    |
| Inner_Train_AgChangeRatio | 0.898    |
| log_hdm_gamma             | -0.511   |
| Loss_hdm                  | -0.0444  |
| Loss_her                  | 0.178    |
| Loss_q                    | 0.134    |
| offset                    | 6.11     |
| opt_steps                 | 1.28e+05 |
| q_bg                      | -13.5    |
| q_o2_a2                   | -13.2    |
| q_o2_eps_greedy           | -13.2    |
| q_o2_max                  | -13.2    |
| q_o2_soft                 | -13.5    |
| q_o2_soft_kl              | -13.6    |
| q_o2_targ                 | -13.2    |
| q_targ                    | -13.5    |
| replay_fill_ratio         | 0.138    |
| replay_size               | 2.76e+03 |
| reward                    | -0.536   |
| TestAgChangeRatio         | 1        |
| TestBestSuccessRate       | 0.74     |
| TestFinalDist             | 0.173    |
| TestSuccessRate           | 0.58     |
| Time                      | 995      |
| TimePerSeqRollout         | 0.314    |
| TimePerTrainIter          | 0.00525  |
| TotalTimeSteps            | 1.38e+05 |
| TrainAgChangeRatio        | 1        |
| TrainSuccess              | 0.425    |
----------------------------------------
Epoch 65 eval | final dist 0.186 | success rate 0.700 | best success 0.740
ckpt_name: Dec-16-11-59-7
Epoch 65: Iter (out of 40)= 0 1 2 3 4 5 6 7 8 9 10 11 12 13 14 15 16 17 18 19 20 21 22 23 24 25 26 27 28 29 30 31 32 33 34 35 36 37 38 39
----------------------------------------
| env_steps                 | 1.4e+05  |
| Epoch                     | 65       |
| exp_avg_reward            | 0.585    |
| exp_reward_avg            | 0.66     |
| hdm_gamma                 | 0.6      |
| hdm_gamma_auto            | 0.859    |
| hdm_gamma_zero_point      | 0.733    |
| hdm_q_o1                  | -13.7    |
| hdm_q_o2                  | -13.6    |
| hdm_q_to_minimize         | 0.111    |
| hdm_weights               | -0.234   |
| Inner_Test_AgChangeRatio  | 0.868    |
| Inner_Train_AgChangeRatio | 0.865    |
| log_hdm_gamma             | -0.511   |
| Loss_hdm                  | -0.043   |
| Loss_her                  | 0.181    |
| Loss_q                    | 0.138    |
| offset                    | 6.14     |
| opt_steps                 | 1.3e+05  |
| q_bg                      | -13.7    |
| q_o2_a2                   | -13.4    |
| q_o2_eps_greedy           | -13.5    |
| q_o2_max                  | -13.4    |
| q_o2_soft                 | -13.7    |
| q_o2_soft_kl              | -13.8    |
| q_o2_targ                 | -13.4    |
| q_targ                    | -13.7    |
| replay_fill_ratio         | 0.14     |
| replay_size               | 2.8e+03  |
| reward                    | -0.537   |
| TestAgChangeRatio         | 1        |
| TestBestSuccessRate       | 0.74     |
| TestFinalDist             | 0.186    |
| TestSuccessRate           | 0.7      |
| Time                      | 1.01e+03 |
| TimePerSeqRollout         | 0.313    |
| TimePerTrainIter          | 0.00526  |
| TotalTimeSteps            | 1.4e+05  |
| TrainAgChangeRatio        | 1        |
| TrainSuccess              | 0.675    |
----------------------------------------
Epoch 66 eval | final dist 0.081 | success rate 0.760 | best success 0.760
ckpt_name: Dec-16-11-59-7
Epoch 66: Iter (out of 40)= 0 1 2 3 4 5 6 7 8 9 10 11 12 13 14 15 16 17 18 19 20 21 22 23 24 25 26 27 28 29 30 31 32 33 34 35 36 37 38 39
----------------------------------------
| env_steps                 | 1.42e+05 |
| Epoch                     | 66       |
| exp_avg_reward            | 0.584    |
| exp_reward_avg            | 0.66     |
| hdm_gamma                 | 0.6      |
| hdm_gamma_auto            | 0.859    |
| hdm_gamma_zero_point      | 0.708    |
| hdm_q_o1                  | -13.9    |
| hdm_q_o2                  | -13.8    |
| hdm_q_to_minimize         | 0.109    |
| hdm_weights               | -0.232   |
| Inner_Test_AgChangeRatio  | 0.874    |
| Inner_Train_AgChangeRatio | 0.886    |
| log_hdm_gamma             | -0.511   |
| Loss_hdm                  | -0.042   |
| Loss_her                  | 0.183    |
| Loss_q                    | 0.141    |
| offset                    | 6.14     |
| opt_steps                 | 1.32e+05 |
| q_bg                      | -13.9    |
| q_o2_a2                   | -13.6    |
| q_o2_eps_greedy           | -13.7    |
| q_o2_max                  | -13.6    |
| q_o2_soft                 | -13.9    |
| q_o2_soft_kl              | -14      |
| q_o2_targ                 | -13.6    |
| q_targ                    | -13.9    |
| replay_fill_ratio         | 0.142    |
| replay_size               | 2.84e+03 |
| reward                    | -0.538   |
| TestAgChangeRatio         | 1        |
| TestBestSuccessRate       | 0.76     |
| TestFinalDist             | 0.0807   |
| TestSuccessRate           | 0.76     |
| Time                      | 1.03e+03 |
| TimePerSeqRollout         | 0.313    |
| TimePerTrainIter          | 0.00525  |
| TotalTimeSteps            | 1.42e+05 |
| TrainAgChangeRatio        | 1        |
| TrainSuccess              | 0.75     |
----------------------------------------
Epoch 67 eval | final dist 0.117 | success rate 0.620 | best success 0.760
ckpt_name: Dec-16-11-59-7
Epoch 67: Iter (out of 40)= 0 1 2 3 4 5 6 7 8 9 10 11 12 13 14 15 16 17 18 19 20 21 22 23 24 25 26 27 28 29 30 31 32 33 34 35 36 37 38 39
----------------------------------------
| env_steps                 | 1.44e+05 |
| Epoch                     | 67       |
| exp_avg_reward            | 0.585    |
| exp_reward_avg            | 0.661    |
| hdm_gamma                 | 0.6      |
| hdm_gamma_auto            | 0.858    |
| hdm_gamma_zero_point      | 0.696    |
| hdm_q_o1                  | -14.1    |
| hdm_q_o2                  | -14      |
| hdm_q_to_minimize         | 0.11     |
| hdm_weights               | -0.231   |
| Inner_Test_AgChangeRatio  | 0.895    |
| Inner_Train_AgChangeRatio | 0.868    |
| log_hdm_gamma             | -0.511   |
| Loss_hdm                  | -0.0412  |
| Loss_her                  | 0.18     |
| Loss_q                    | 0.139    |
| offset                    | 6.11     |
| opt_steps                 | 1.34e+05 |
| q_bg                      | -14.1    |
| q_o2_a2                   | -13.8    |
| q_o2_eps_greedy           | -13.8    |
| q_o2_max                  | -13.8    |
| q_o2_soft                 | -14.1    |
| q_o2_soft_kl              | -14.2    |
| q_o2_targ                 | -13.8    |
| q_targ                    | -14.1    |
| replay_fill_ratio         | 0.144    |
| replay_size               | 2.88e+03 |
| reward                    | -0.536   |
| TestAgChangeRatio         | 1        |
| TestBestSuccessRate       | 0.76     |
| TestFinalDist             | 0.117    |
| TestSuccessRate           | 0.62     |
| Time                      | 1.04e+03 |
| TimePerSeqRollout         | 0.313    |
| TimePerTrainIter          | 0.00525  |
| TotalTimeSteps            | 1.44e+05 |
| TrainAgChangeRatio        | 1        |
| TrainSuccess              | 0.7      |
----------------------------------------
Epoch 68 eval | final dist 0.141 | success rate 0.680 | best success 0.760
ckpt_name: Dec-16-11-59-7
Epoch 68: Iter (out of 40)= 0 1 2 3 4 5 6 7 8 9 10 11 12 13 14 15 16 17 18 19 20 21 22 23 24 25 26 27 28 29 30 31 32 33 34 35 36 37 38 39
----------------------------------------
| env_steps                 | 1.46e+05 |
| Epoch                     | 68       |
| exp_avg_reward            | 0.585    |
| exp_reward_avg            | 0.661    |
| hdm_gamma                 | 0.6      |
| hdm_gamma_auto            | 0.858    |
| hdm_gamma_zero_point      | 0.69     |
| hdm_q_o1                  | -14.3    |
| hdm_q_o2                  | -14.2    |
| hdm_q_to_minimize         | 0.109    |
| hdm_weights               | -0.231   |
| Inner_Test_AgChangeRatio  | 0.864    |
| Inner_Train_AgChangeRatio | 0.859    |
| log_hdm_gamma             | -0.511   |
| Loss_hdm                  | -0.0402  |
| Loss_her                  | 0.183    |
| Loss_q                    | 0.143    |
| offset                    | 6.12     |
| opt_steps                 | 1.36e+05 |
| q_bg                      | -14.3    |
| q_o2_a2                   | -14      |
| q_o2_eps_greedy           | -14      |
| q_o2_max                  | -14      |
| q_o2_soft                 | -14.3    |
| q_o2_soft_kl              | -14.3    |
| q_o2_targ                 | -14      |
| q_targ                    | -14.3    |
| replay_fill_ratio         | 0.146    |
| replay_size               | 2.92e+03 |
| reward                    | -0.537   |
| TestAgChangeRatio         | 1        |
| TestBestSuccessRate       | 0.76     |
| TestFinalDist             | 0.141    |
| TestSuccessRate           | 0.68     |
| Time                      | 1.06e+03 |
| TimePerSeqRollout         | 0.313    |
| TimePerTrainIter          | 0.00524  |
| TotalTimeSteps            | 1.46e+05 |
| TrainAgChangeRatio        | 1        |
| TrainSuccess              | 0.675    |
----------------------------------------
Epoch 69 eval | final dist 0.144 | success rate 0.620 | best success 0.760
ckpt_name: Dec-16-11-59-7
Epoch 69: Iter (out of 40)= 0 1 2 3 4 5 6 7 8 9 10 11 12 13 14 15 16 17 18 19 20 21 22 23 24 25 26 27 28 29 30 31 32 33 34 35 36 37 38 39
----------------------------------------
| env_steps                 | 1.48e+05 |
| Epoch                     | 69       |
| exp_avg_reward            | 0.585    |
| exp_reward_avg            | 0.661    |
| hdm_gamma                 | 0.6      |
| hdm_gamma_auto            | 0.859    |
| hdm_gamma_zero_point      | 0.691    |
| hdm_q_o1                  | -14.4    |
| hdm_q_o2                  | -14.3    |
| hdm_q_to_minimize         | 0.109    |
| hdm_weights               | -0.23    |
| Inner_Test_AgChangeRatio  | 0.864    |
| Inner_Train_AgChangeRatio | 0.881    |
| log_hdm_gamma             | -0.511   |
| Loss_hdm                  | -0.0398  |
| Loss_her                  | 0.183    |
| Loss_q                    | 0.143    |
| offset                    | 6.13     |
| opt_steps                 | 1.38e+05 |
| q_bg                      | -14.4    |
| q_o2_a2                   | -14.1    |
| q_o2_eps_greedy           | -14.2    |
| q_o2_max                  | -14.1    |
| q_o2_soft                 | -14.4    |
| q_o2_soft_kl              | -14.5    |
| q_o2_targ                 | -14.1    |
| q_targ                    | -14.4    |
| replay_fill_ratio         | 0.148    |
| replay_size               | 2.96e+03 |
| reward                    | -0.537   |
| TestAgChangeRatio         | 1        |
| TestBestSuccessRate       | 0.76     |
| TestFinalDist             | 0.144    |
| TestSuccessRate           | 0.62     |
| Time                      | 1.07e+03 |
| TimePerSeqRollout         | 0.313    |
| TimePerTrainIter          | 0.00524  |
| TotalTimeSteps            | 1.48e+05 |
| TrainAgChangeRatio        | 1        |
| TrainSuccess              | 0.75     |
----------------------------------------
Epoch 70 eval | final dist 0.207 | success rate 0.520 | best success 0.760
ckpt_name: Dec-16-11-59-7
Epoch 70: Iter (out of 40)= 0 1 2 3 4 5 6 7 8 9 10 11 12 13 14 15 16 17 18 19 20 21 22 23 24 25 26 27 28 29 30 31 32 33 34 35 36 37 38 39
----------------------------------------
| env_steps                 | 1.5e+05  |
| Epoch                     | 70       |
| exp_avg_reward            | 0.585    |
| exp_reward_avg            | 0.661    |
| hdm_gamma                 | 0.6      |
| hdm_gamma_auto            | 0.858    |
| hdm_gamma_zero_point      | 0.673    |
| hdm_q_o1                  | -14.5    |
| hdm_q_o2                  | -14.4    |
| hdm_q_to_minimize         | 0.108    |
| hdm_weights               | -0.234   |
| Inner_Test_AgChangeRatio  | 0.873    |
| Inner_Train_AgChangeRatio | 0.901    |
| log_hdm_gamma             | -0.511   |
| Loss_hdm                  | -0.0395  |
| Loss_her                  | 0.186    |
| Loss_q                    | 0.147    |
| offset                    | 6.12     |
| opt_steps                 | 1.4e+05  |
| q_bg                      | -14.5    |
| q_o2_a2                   | -14.3    |
| q_o2_eps_greedy           | -14.3    |
| q_o2_max                  | -14.3    |
| q_o2_soft                 | -14.6    |
| q_o2_soft_kl              | -14.6    |
| q_o2_targ                 | -14.3    |
| q_targ                    | -14.5    |
| replay_fill_ratio         | 0.15     |
| replay_size               | 3e+03    |
| reward                    | -0.537   |
| TestAgChangeRatio         | 1        |
| TestBestSuccessRate       | 0.76     |
| TestFinalDist             | 0.207    |
| TestSuccessRate           | 0.52     |
| Time                      | 1.09e+03 |
| TimePerSeqRollout         | 0.312    |
| TimePerTrainIter          | 0.00523  |
| TotalTimeSteps            | 1.5e+05  |
| TrainAgChangeRatio        | 1        |
| TrainSuccess              | 0.525    |
----------------------------------------
Epoch 71 eval | final dist 0.168 | success rate 0.640 | best success 0.760
ckpt_name: Dec-16-11-59-7
Epoch 71: Iter (out of 40)= 0 1 2 3 4 5 6 7 8 9 10 11 12 13 14 15 16 17 18 19 20 21 22 23 24 25 26 27 28 29 30 31 32 33 34 35 36 37 38 39
----------------------------------------
| env_steps                 | 1.52e+05 |
| Epoch                     | 71       |
| exp_avg_reward            | 0.584    |
| exp_reward_avg            | 0.66     |
| hdm_gamma                 | 0.6      |
| hdm_gamma_auto            | 0.859    |
| hdm_gamma_zero_point      | 0.654    |
| hdm_q_o1                  | -14.6    |
| hdm_q_o2                  | -14.4    |
| hdm_q_to_minimize         | 0.108    |
| hdm_weights               | -0.242   |
| Inner_Test_AgChangeRatio  | 0.893    |
| Inner_Train_AgChangeRatio | 0.89     |
| log_hdm_gamma             | -0.511   |
| Loss_hdm                  | -0.0388  |
| Loss_her                  | 0.189    |
| Loss_q                    | 0.15     |
| offset                    | 6.14     |
| opt_steps                 | 1.42e+05 |
| q_bg                      | -14.6    |
| q_o2_a2                   | -14.4    |
| q_o2_eps_greedy           | -14.4    |
| q_o2_max                  | -14.4    |
| q_o2_soft                 | -14.7    |
| q_o2_soft_kl              | -14.7    |
| q_o2_targ                 | -14.4    |
| q_targ                    | -14.6    |
| replay_fill_ratio         | 0.152    |
| replay_size               | 3.04e+03 |
| reward                    | -0.538   |
| TestAgChangeRatio         | 1        |
| TestBestSuccessRate       | 0.76     |
| TestFinalDist             | 0.168    |
| TestSuccessRate           | 0.64     |
| Time                      | 1.1e+03  |
| TimePerSeqRollout         | 0.312    |
| TimePerTrainIter          | 0.00524  |
| TotalTimeSteps            | 1.52e+05 |
| TrainAgChangeRatio        | 1        |
| TrainSuccess              | 0.675    |
----------------------------------------
Epoch 72 eval | final dist 0.181 | success rate 0.540 | best success 0.760
ckpt_name: Dec-16-11-59-7
Epoch 72: Iter (out of 40)= 0 1 2 3 4 5 6 7 8 9 10 11 12 13 14 15 16 17 18 19 20 21 22 23 24 25 26 27 28 29 30 31 32 33 34 35 36 37 38 39
----------------------------------------
| env_steps                 | 1.54e+05 |
| Epoch                     | 72       |
| exp_avg_reward            | 0.584    |
| exp_reward_avg            | 0.66     |
| hdm_gamma                 | 0.6      |
| hdm_gamma_auto            | 0.859    |
| hdm_gamma_zero_point      | 0.642    |
| hdm_q_o1                  | -14.7    |
| hdm_q_o2                  | -14.5    |
| hdm_q_to_minimize         | 0.11     |
| hdm_weights               | -0.248   |
| Inner_Test_AgChangeRatio  | 0.859    |
| Inner_Train_AgChangeRatio | 0.884    |
| log_hdm_gamma             | -0.511   |
| Loss_hdm                  | -0.039   |
| Loss_her                  | 0.186    |
| Loss_q                    | 0.147    |
| offset                    | 6.14     |
| opt_steps                 | 1.44e+05 |
| q_bg                      | -14.7    |
| q_o2_a2                   | -14.4    |
| q_o2_eps_greedy           | -14.5    |
| q_o2_max                  | -14.4    |
| q_o2_soft                 | -14.7    |
| q_o2_soft_kl              | -14.8    |
| q_o2_targ                 | -14.4    |
| q_targ                    | -14.7    |
| replay_fill_ratio         | 0.154    |
| replay_size               | 3.08e+03 |
| reward                    | -0.538   |
| TestAgChangeRatio         | 1        |
| TestBestSuccessRate       | 0.76     |
| TestFinalDist             | 0.181    |
| TestSuccessRate           | 0.54     |
| Time                      | 1.12e+03 |
| TimePerSeqRollout         | 0.313    |
| TimePerTrainIter          | 0.00524  |
| TotalTimeSteps            | 1.54e+05 |
| TrainAgChangeRatio        | 1        |
| TrainSuccess              | 0.625    |
----------------------------------------
Epoch 73 eval | final dist 0.142 | success rate 0.620 | best success 0.760
ckpt_name: Dec-16-11-59-7
Epoch 73: Iter (out of 40)= 0 1 2 3 4 5 6 7 8 9 10 11 12 13 14 15 16 17 18 19 20 21 22 23 24 25 26 27 28 29 30 31 32 33 34 35 36 37 38 39
----------------------------------------
| env_steps                 | 1.56e+05 |
| Epoch                     | 73       |
| exp_avg_reward            | 0.585    |
| exp_reward_avg            | 0.66     |
| hdm_gamma                 | 0.6      |
| hdm_gamma_auto            | 0.859    |
| hdm_gamma_zero_point      | 0.648    |
| hdm_q_o1                  | -14.7    |
| hdm_q_o2                  | -14.6    |
| hdm_q_to_minimize         | 0.111    |
| hdm_weights               | -0.25    |
| Inner_Test_AgChangeRatio  | 0.878    |
| Inner_Train_AgChangeRatio | 0.882    |
| log_hdm_gamma             | -0.511   |
| Loss_hdm                  | -0.0386  |
| Loss_her                  | 0.184    |
| Loss_q                    | 0.145    |
| offset                    | 6.13     |
| opt_steps                 | 1.46e+05 |
| q_bg                      | -14.7    |
| q_o2_a2                   | -14.5    |
| q_o2_eps_greedy           | -14.5    |
| q_o2_max                  | -14.5    |
| q_o2_soft                 | -14.8    |
| q_o2_soft_kl              | -14.8    |
| q_o2_targ                 | -14.5    |
| q_targ                    | -14.7    |
| replay_fill_ratio         | 0.156    |
| replay_size               | 3.12e+03 |
| reward                    | -0.537   |
| TestAgChangeRatio         | 1        |
| TestBestSuccessRate       | 0.76     |
| TestFinalDist             | 0.142    |
| TestSuccessRate           | 0.62     |
| Time                      | 1.13e+03 |
| TimePerSeqRollout         | 0.315    |
| TimePerTrainIter          | 0.00529  |
| TotalTimeSteps            | 1.56e+05 |
| TrainAgChangeRatio        | 1        |
| TrainSuccess              | 0.625    |
----------------------------------------
Epoch 74 eval | final dist 0.157 | success rate 0.640 | best success 0.760
ckpt_name: Dec-16-11-59-7
Epoch 74: Iter (out of 40)= 0 1 2 3 4 5 6 7 8 9 10 11 12 13 14 15 16 17 18 19 20 21 22 23 24 25 26 27 28 29 30 31 32 33 34 35 36 37 38 39
----------------------------------------
| env_steps                 | 1.58e+05 |
| Epoch                     | 74       |
| exp_avg_reward            | 0.584    |
| exp_reward_avg            | 0.66     |
| hdm_gamma                 | 0.6      |
| hdm_gamma_auto            | 0.859    |
| hdm_gamma_zero_point      | 0.648    |
| hdm_q_o1                  | -14.8    |
| hdm_q_o2                  | -14.6    |
| hdm_q_to_minimize         | 0.113    |
| hdm_weights               | -0.255   |
| Inner_Test_AgChangeRatio  | 0.869    |
| Inner_Train_AgChangeRatio | 0.896    |
| log_hdm_gamma             | -0.511   |
| Loss_hdm                  | -0.0397  |
| Loss_her                  | 0.182    |
| Loss_q                    | 0.143    |
| offset                    | 6.15     |
| opt_steps                 | 1.48e+05 |
| q_bg                      | -14.8    |
| q_o2_a2                   | -14.5    |
| q_o2_eps_greedy           | -14.6    |
| q_o2_max                  | -14.5    |
| q_o2_soft                 | -14.8    |
| q_o2_soft_kl              | -14.9    |
| q_o2_targ                 | -14.5    |
| q_targ                    | -14.8    |
| replay_fill_ratio         | 0.158    |
| replay_size               | 3.16e+03 |
| reward                    | -0.538   |
| TestAgChangeRatio         | 1        |
| TestBestSuccessRate       | 0.76     |
| TestFinalDist             | 0.157    |
| TestSuccessRate           | 0.64     |
| Time                      | 1.15e+03 |
| TimePerSeqRollout         | 0.313    |
| TimePerTrainIter          | 0.00524  |
| TotalTimeSteps            | 1.58e+05 |
| TrainAgChangeRatio        | 1        |
| TrainSuccess              | 0.525    |
----------------------------------------
Epoch 75 eval | final dist 0.211 | success rate 0.600 | best success 0.760
ckpt_name: Dec-16-11-59-7
Epoch 75: Iter (out of 40)= 0 1 2 3 4 5 6 7 8 9 10 11 12 13 14 15 16 17 18 19 20 21 22 23 24 25 26 27 28 29 30 31 32 33 34 35 36 37 38 39
----------------------------------------
| env_steps                 | 1.6e+05  |
| Epoch                     | 75       |
| exp_avg_reward            | 0.585    |
| exp_reward_avg            | 0.661    |
| hdm_gamma                 | 0.6      |
| hdm_gamma_auto            | 0.858    |
| hdm_gamma_zero_point      | 0.64     |
| hdm_q_o1                  | -14.8    |
| hdm_q_o2                  | -14.6    |
| hdm_q_to_minimize         | 0.114    |
| hdm_weights               | -0.259   |
| Inner_Test_AgChangeRatio  | 0.868    |
| Inner_Train_AgChangeRatio | 0.893    |
| log_hdm_gamma             | -0.511   |
| Loss_hdm                  | -0.0401  |
| Loss_her                  | 0.183    |
| Loss_q                    | 0.143    |
| offset                    | 6.12     |
| opt_steps                 | 1.5e+05  |
| q_bg                      | -14.8    |
| q_o2_a2                   | -14.6    |
| q_o2_eps_greedy           | -14.6    |
| q_o2_max                  | -14.6    |
| q_o2_soft                 | -14.8    |
| q_o2_soft_kl              | -14.9    |
| q_o2_targ                 | -14.6    |
| q_targ                    | -14.8    |
| replay_fill_ratio         | 0.16     |
| replay_size               | 3.2e+03  |
| reward                    | -0.536   |
| TestAgChangeRatio         | 1        |
| TestBestSuccessRate       | 0.76     |
| TestFinalDist             | 0.211    |
| TestSuccessRate           | 0.6      |
| Time                      | 1.16e+03 |
| TimePerSeqRollout         | 0.313    |
| TimePerTrainIter          | 0.00525  |
| TotalTimeSteps            | 1.6e+05  |
| TrainAgChangeRatio        | 1        |
| TrainSuccess              | 0.525    |
----------------------------------------
Epoch 76 eval | final dist 0.148 | success rate 0.660 | best success 0.760
ckpt_name: Dec-16-11-59-7
Epoch 76: Iter (out of 40)= 0 1 2 3 4 5 6 7 8 9 10 11 12 13 14 15 16 17 18 19 20 21 22 23 24 25 26 27 28 29 30 31 32 33 34 35 36 37 38 39
----------------------------------------
| env_steps                 | 1.62e+05 |
| Epoch                     | 76       |
| exp_avg_reward            | 0.584    |
| exp_reward_avg            | 0.66     |
| hdm_gamma                 | 0.6      |
| hdm_gamma_auto            | 0.859    |
| hdm_gamma_zero_point      | 0.641    |
| hdm_q_o1                  | -14.9    |
| hdm_q_o2                  | -14.7    |
| hdm_q_to_minimize         | 0.114    |
| hdm_weights               | -0.263   |
| Inner_Test_AgChangeRatio  | 0.865    |
| Inner_Train_AgChangeRatio | 0.882    |
| log_hdm_gamma             | -0.511   |
| Loss_hdm                  | -0.0407  |
| Loss_her                  | 0.187    |
| Loss_q                    | 0.146    |
| offset                    | 6.14     |
| opt_steps                 | 1.52e+05 |
| q_bg                      | -14.9    |
| q_o2_a2                   | -14.6    |
| q_o2_eps_greedy           | -14.7    |
| q_o2_max                  | -14.6    |
| q_o2_soft                 | -14.9    |
| q_o2_soft_kl              | -14.9    |
| q_o2_targ                 | -14.6    |
| q_targ                    | -14.9    |
| replay_fill_ratio         | 0.162    |
| replay_size               | 3.24e+03 |
| reward                    | -0.538   |
| TestAgChangeRatio         | 0.98     |
| TestBestSuccessRate       | 0.76     |
| TestFinalDist             | 0.148    |
| TestSuccessRate           | 0.66     |
| Time                      | 1.18e+03 |
| TimePerSeqRollout         | 0.313    |
| TimePerTrainIter          | 0.00525  |
| TotalTimeSteps            | 1.62e+05 |
| TrainAgChangeRatio        | 1        |
| TrainSuccess              | 0.525    |
----------------------------------------
Epoch 77 eval | final dist 0.234 | success rate 0.600 | best success 0.760
ckpt_name: Dec-16-11-59-7
Epoch 77: Iter (out of 40)= 0 1 2 3 4 5 6 7 8 9 10 11 12 13 14 15 16 17 18 19 20 21 22 23 24 25 26 27 28 29 30 31 32 33 34 35 36 37 38 39
----------------------------------------
| env_steps                 | 1.64e+05 |
| Epoch                     | 77       |
| exp_avg_reward            | 0.585    |
| exp_reward_avg            | 0.661    |
| hdm_gamma                 | 0.6      |
| hdm_gamma_auto            | 0.858    |
| hdm_gamma_zero_point      | 0.644    |
| hdm_q_o1                  | -14.9    |
| hdm_q_o2                  | -14.7    |
| hdm_q_to_minimize         | 0.114    |
| hdm_weights               | -0.266   |
| Inner_Test_AgChangeRatio  | 0.866    |
| Inner_Train_AgChangeRatio | 0.882    |
| log_hdm_gamma             | -0.511   |
| Loss_hdm                  | -0.0412  |
| Loss_her                  | 0.187    |
| Loss_q                    | 0.146    |
| offset                    | 6.12     |
| opt_steps                 | 1.54e+05 |
| q_bg                      | -14.9    |
| q_o2_a2                   | -14.7    |
| q_o2_eps_greedy           | -14.7    |
| q_o2_max                  | -14.7    |
| q_o2_soft                 | -14.9    |
| q_o2_soft_kl              | -15      |
| q_o2_targ                 | -14.7    |
| q_targ                    | -14.9    |
| replay_fill_ratio         | 0.164    |
| replay_size               | 3.28e+03 |
| reward                    | -0.536   |
| TestAgChangeRatio         | 1        |
| TestBestSuccessRate       | 0.76     |
| TestFinalDist             | 0.234    |
| TestSuccessRate           | 0.6      |
| Time                      | 1.19e+03 |
| TimePerSeqRollout         | 0.313    |
| TimePerTrainIter          | 0.00524  |
| TotalTimeSteps            | 1.64e+05 |
| TrainAgChangeRatio        | 1        |
| TrainSuccess              | 0.525    |
----------------------------------------
Epoch 78 eval | final dist 0.199 | success rate 0.600 | best success 0.760
ckpt_name: Dec-16-11-59-7
Epoch 78: Iter (out of 40)= 0 1 2 3 4 5 6 7 8 9 10 11 12 13 14 15 16 17 18 19 20 21 22 23 24 25 26 27 28 29 30 31 32 33 34 35 36 37 38 39
----------------------------------------
| env_steps                 | 1.66e+05 |
| Epoch                     | 78       |
| exp_avg_reward            | 0.585    |
| exp_reward_avg            | 0.661    |
| hdm_gamma                 | 0.6      |
| hdm_gamma_auto            | 0.859    |
| hdm_gamma_zero_point      | 0.639    |
| hdm_q_o1                  | -14.9    |
| hdm_q_o2                  | -14.7    |
| hdm_q_to_minimize         | 0.118    |
| hdm_weights               | -0.272   |
| Inner_Test_AgChangeRatio  | 0.876    |
| Inner_Train_AgChangeRatio | 0.892    |
| log_hdm_gamma             | -0.511   |
| Loss_hdm                  | -0.0431  |
| Loss_her                  | 0.185    |
| Loss_q                    | 0.142    |
| offset                    | 6.13     |
| opt_steps                 | 1.56e+05 |
| q_bg                      | -14.9    |
| q_o2_a2                   | -14.7    |
| q_o2_eps_greedy           | -14.7    |
| q_o2_max                  | -14.7    |
| q_o2_soft                 | -15      |
| q_o2_soft_kl              | -15      |
| q_o2_targ                 | -14.7    |
| q_targ                    | -14.9    |
| replay_fill_ratio         | 0.166    |
| replay_size               | 3.32e+03 |
| reward                    | -0.536   |
| TestAgChangeRatio         | 1        |
| TestBestSuccessRate       | 0.76     |
| TestFinalDist             | 0.199    |
| TestSuccessRate           | 0.6      |
| Time                      | 1.21e+03 |
| TimePerSeqRollout         | 0.313    |
| TimePerTrainIter          | 0.00524  |
| TotalTimeSteps            | 1.66e+05 |
| TrainAgChangeRatio        | 1        |
| TrainSuccess              | 0.375    |
----------------------------------------
Epoch 79 eval | final dist 0.278 | success rate 0.520 | best success 0.760
ckpt_name: Dec-16-11-59-7
Epoch 79: Iter (out of 40)= 0 1 2 3 4 5 6 7 8 9 10 11 12 13 14 15 16 17 18 19 20 21 22 23 24 25 26 27 28 29 30 31 32 33 34 35 36 37 38 39
----------------------------------------
| env_steps                 | 1.68e+05 |
| Epoch                     | 79       |
| exp_avg_reward            | 0.585    |
| exp_reward_avg            | 0.661    |
| hdm_gamma                 | 0.6      |
| hdm_gamma_auto            | 0.859    |
| hdm_gamma_zero_point      | 0.653    |
| hdm_q_o1                  | -14.9    |
| hdm_q_o2                  | -14.7    |
| hdm_q_to_minimize         | 0.117    |
| hdm_weights               | -0.272   |
| Inner_Test_AgChangeRatio  | 0.875    |
| Inner_Train_AgChangeRatio | 0.857    |
| log_hdm_gamma             | -0.511   |
| Loss_hdm                  | -0.0443  |
| Loss_her                  | 0.186    |
| Loss_q                    | 0.142    |
| offset                    | 6.14     |
| opt_steps                 | 1.58e+05 |
| q_bg                      | -14.9    |
| q_o2_a2                   | -14.7    |
| q_o2_eps_greedy           | -14.7    |
| q_o2_max                  | -14.7    |
| q_o2_soft                 | -15      |
| q_o2_soft_kl              | -15      |
| q_o2_targ                 | -14.7    |
| q_targ                    | -14.9    |
| replay_fill_ratio         | 0.168    |
| replay_size               | 3.36e+03 |
| reward                    | -0.536   |
| TestAgChangeRatio         | 1        |
| TestBestSuccessRate       | 0.76     |
| TestFinalDist             | 0.278    |
| TestSuccessRate           | 0.52     |
| Time                      | 1.22e+03 |
| TimePerSeqRollout         | 0.313    |
| TimePerTrainIter          | 0.00524  |
| TotalTimeSteps            | 1.68e+05 |
| TrainAgChangeRatio        | 0.975    |
| TrainSuccess              | 0.475    |
----------------------------------------
Epoch 80 eval | final dist 0.181 | success rate 0.600 | best success 0.760
ckpt_name: Dec-16-11-59-7
Epoch 80: Iter (out of 40)= 0 1 2 3 4 5 6 7 8 9 10 11 12 13 14 15 16 17 18 19 20 21 22 23 24 25 26 27 28 29 30 31 32 33 34 35 36 37 38 39
----------------------------------------
| env_steps                 | 1.7e+05  |
| Epoch                     | 80       |
| exp_avg_reward            | 0.585    |
| exp_reward_avg            | 0.661    |
| hdm_gamma                 | 0.6      |
| hdm_gamma_auto            | 0.859    |
| hdm_gamma_zero_point      | 0.647    |
| hdm_q_o1                  | -15      |
| hdm_q_o2                  | -14.7    |
| hdm_q_to_minimize         | 0.119    |
| hdm_weights               | -0.276   |
| Inner_Test_AgChangeRatio  | 0.866    |
| Inner_Train_AgChangeRatio | 0.887    |
| log_hdm_gamma             | -0.511   |
| Loss_hdm                  | -0.0454  |
| Loss_her                  | 0.184    |
| Loss_q                    | 0.139    |
| offset                    | 6.13     |
| opt_steps                 | 1.6e+05  |
| q_bg                      | -15      |
| q_o2_a2                   | -14.7    |
| q_o2_eps_greedy           | -14.7    |
| q_o2_max                  | -14.7    |
| q_o2_soft                 | -15      |
| q_o2_soft_kl              | -15      |
| q_o2_targ                 | -14.7    |
| q_targ                    | -15      |
| replay_fill_ratio         | 0.17     |
| replay_size               | 3.4e+03  |
| reward                    | -0.537   |
| TestAgChangeRatio         | 1        |
| TestBestSuccessRate       | 0.76     |
| TestFinalDist             | 0.181    |
| TestSuccessRate           | 0.6      |
| Time                      | 1.24e+03 |
| TimePerSeqRollout         | 0.313    |
| TimePerTrainIter          | 0.00526  |
| TotalTimeSteps            | 1.7e+05  |
| TrainAgChangeRatio        | 1        |
| TrainSuccess              | 0.525    |
----------------------------------------
Epoch 81 eval | final dist 0.262 | success rate 0.500 | best success 0.760
ckpt_name: Dec-16-11-59-7
Epoch 81: Iter (out of 40)= 0 1 2 3 4 5 6 7 8 9 10 11 12 13 14 15 16 17 18 19 20 21 22 23 24 25 26 27 28 29 30 31 32 33 34 35 36 37 38 39
----------------------------------------
| env_steps                 | 1.72e+05 |
| Epoch                     | 81       |
| exp_avg_reward            | 0.584    |
| exp_reward_avg            | 0.66     |
| hdm_gamma                 | 0.6      |
| hdm_gamma_auto            | 0.859    |
| hdm_gamma_zero_point      | 0.64     |
| hdm_q_o1                  | -15      |
| hdm_q_o2                  | -14.8    |
| hdm_q_to_minimize         | 0.121    |
| hdm_weights               | -0.281   |
| Inner_Test_AgChangeRatio  | 0.879    |
| Inner_Train_AgChangeRatio | 0.862    |
| log_hdm_gamma             | -0.511   |
| Loss_hdm                  | -0.0476  |
| Loss_her                  | 0.184    |
| Loss_q                    | 0.137    |
| offset                    | 6.15     |
| opt_steps                 | 1.62e+05 |
| q_bg                      | -15      |
| q_o2_a2                   | -14.8    |
| q_o2_eps_greedy           | -14.8    |
| q_o2_max                  | -14.7    |
| q_o2_soft                 | -15      |
| q_o2_soft_kl              | -15.1    |
| q_o2_targ                 | -14.8    |
| q_targ                    | -15      |
| replay_fill_ratio         | 0.172    |
| replay_size               | 3.44e+03 |
| reward                    | -0.538   |
| TestAgChangeRatio         | 1        |
| TestBestSuccessRate       | 0.76     |
| TestFinalDist             | 0.262    |
| TestSuccessRate           | 0.5      |
| Time                      | 1.26e+03 |
| TimePerSeqRollout         | 0.314    |
| TimePerTrainIter          | 0.00526  |
| TotalTimeSteps            | 1.72e+05 |
| TrainAgChangeRatio        | 1        |
| TrainSuccess              | 0.625    |
----------------------------------------
Epoch 82 eval | final dist 0.178 | success rate 0.700 | best success 0.760
ckpt_name: Dec-16-11-59-7
Epoch 82: Iter (out of 40)= 0 1 2 3 4 5 6 7 8 9 10 11 12 13 14 15 16 17 18 19 20 21 22 23 24 25 26 27 28 29 30 31 32 33 34 35 36 37 38 39
----------------------------------------
| env_steps                 | 1.74e+05 |
| Epoch                     | 82       |
| exp_avg_reward            | 0.586    |
| exp_reward_avg            | 0.662    |
| hdm_gamma                 | 0.6      |
| hdm_gamma_auto            | 0.859    |
| hdm_gamma_zero_point      | 0.641    |
| hdm_q_o1                  | -15      |
| hdm_q_o2                  | -14.7    |
| hdm_q_to_minimize         | 0.123    |
| hdm_weights               | -0.286   |
| Inner_Test_AgChangeRatio  | 0.881    |
| Inner_Train_AgChangeRatio | 0.888    |
| log_hdm_gamma             | -0.511   |
| Loss_hdm                  | -0.0495  |
| Loss_her                  | 0.183    |
| Loss_q                    | 0.133    |
| offset                    | 6.12     |
| opt_steps                 | 1.64e+05 |
| q_bg                      | -15      |
| q_o2_a2                   | -14.7    |
| q_o2_eps_greedy           | -14.8    |
| q_o2_max                  | -14.7    |
| q_o2_soft                 | -15      |
| q_o2_soft_kl              | -15.1    |
| q_o2_targ                 | -14.7    |
| q_targ                    | -15      |
| replay_fill_ratio         | 0.174    |
| replay_size               | 3.48e+03 |
| reward                    | -0.535   |
| TestAgChangeRatio         | 1        |
| TestBestSuccessRate       | 0.76     |
| TestFinalDist             | 0.178    |
| TestSuccessRate           | 0.7      |
| Time                      | 1.27e+03 |
| TimePerSeqRollout         | 0.314    |
| TimePerTrainIter          | 0.00526  |
| TotalTimeSteps            | 1.74e+05 |
| TrainAgChangeRatio        | 1        |
| TrainSuccess              | 0.65     |
----------------------------------------
Epoch 83 eval | final dist 0.149 | success rate 0.540 | best success 0.760
ckpt_name: Dec-16-11-59-7
Epoch 83: Iter (out of 40)= 0 1 2 3 4 5 6 7 8 9 10 11 12 13 14 15 16 17 18 19 20 21 22 23 24 25 26 27 28 29 30 31 32 33 34 35 36 37 38 39
----------------------------------------
| env_steps                 | 1.76e+05 |
| Epoch                     | 83       |
| exp_avg_reward            | 0.585    |
| exp_reward_avg            | 0.661    |
| hdm_gamma                 | 0.6      |
| hdm_gamma_auto            | 0.858    |
| hdm_gamma_zero_point      | 0.633    |
| hdm_q_o1                  | -15      |
| hdm_q_o2                  | -14.7    |
| hdm_q_to_minimize         | 0.125    |
| hdm_weights               | -0.29    |
| Inner_Test_AgChangeRatio  | 0.88     |
| Inner_Train_AgChangeRatio | 0.873    |
| log_hdm_gamma             | -0.511   |
| Loss_hdm                  | -0.0519  |
| Loss_her                  | 0.184    |
| Loss_q                    | 0.132    |
| offset                    | 6.11     |
| opt_steps                 | 1.66e+05 |
| q_bg                      | -15      |
| q_o2_a2                   | -14.7    |
| q_o2_eps_greedy           | -14.8    |
| q_o2_max                  | -14.7    |
| q_o2_soft                 | -15      |
| q_o2_soft_kl              | -15.1    |
| q_o2_targ                 | -14.7    |
| q_targ                    | -15      |
| replay_fill_ratio         | 0.176    |
| replay_size               | 3.52e+03 |
| reward                    | -0.536   |
| TestAgChangeRatio         | 1        |
| TestBestSuccessRate       | 0.76     |
| TestFinalDist             | 0.149    |
| TestSuccessRate           | 0.54     |
| Time                      | 1.29e+03 |
| TimePerSeqRollout         | 0.314    |
| TimePerTrainIter          | 0.00525  |
| TotalTimeSteps            | 1.76e+05 |
| TrainAgChangeRatio        | 1        |
| TrainSuccess              | 0.75     |
----------------------------------------
Epoch 84 eval | final dist 0.086 | success rate 0.740 | best success 0.760
ckpt_name: Dec-16-11-59-7
Epoch 84: Iter (out of 40)= 0 1 2 3 4 5 6 7 8 9 10 11 12 13 14 15 16 17 18 19 20 21 22 23 24 25 26 27 28 29 30 31 32 33 34 35 36 37 38 39
----------------------------------------
| env_steps                 | 1.78e+05 |
| Epoch                     | 84       |
| exp_avg_reward            | 0.585    |
| exp_reward_avg            | 0.66     |
| hdm_gamma                 | 0.6      |
| hdm_gamma_auto            | 0.858    |
| hdm_gamma_zero_point      | 0.654    |
| hdm_q_o1                  | -15      |
| hdm_q_o2                  | -14.7    |
| hdm_q_to_minimize         | 0.126    |
| hdm_weights               | -0.292   |
| Inner_Test_AgChangeRatio  | 0.853    |
| Inner_Train_AgChangeRatio | 0.856    |
| log_hdm_gamma             | -0.511   |
| Loss_hdm                  | -0.0536  |
| Loss_her                  | 0.181    |
| Loss_q                    | 0.127    |
| offset                    | 6.11     |
| opt_steps                 | 1.68e+05 |
| q_bg                      | -15      |
| q_o2_a2                   | -14.7    |
| q_o2_eps_greedy           | -14.7    |
| q_o2_max                  | -14.7    |
| q_o2_soft                 | -15      |
| q_o2_soft_kl              | -15      |
| q_o2_targ                 | -14.7    |
| q_targ                    | -15      |
| replay_fill_ratio         | 0.178    |
| replay_size               | 3.56e+03 |
| reward                    | -0.537   |
| TestAgChangeRatio         | 1        |
| TestBestSuccessRate       | 0.76     |
| TestFinalDist             | 0.0865   |
| TestSuccessRate           | 0.74     |
| Time                      | 1.3e+03  |
| TimePerSeqRollout         | 0.313    |
| TimePerTrainIter          | 0.00525  |
| TotalTimeSteps            | 1.78e+05 |
| TrainAgChangeRatio        | 1        |
| TrainSuccess              | 0.55     |
----------------------------------------
Epoch 85 eval | final dist 0.168 | success rate 0.580 | best success 0.760
ckpt_name: Dec-16-11-59-7
Epoch 85: Iter (out of 40)= 0 1 2 3 4 5 6 7 8 9 10 11 12 13 14 15 16 17 18 19 20 21 22 23 24 25 26 27 28 29 30 31 32 33 34 35 36 37 38 39
----------------------------------------
| env_steps                 | 1.8e+05  |
| Epoch                     | 85       |
| exp_avg_reward            | 0.586    |
| exp_reward_avg            | 0.662    |
| hdm_gamma                 | 0.6      |
| hdm_gamma_auto            | 0.858    |
| hdm_gamma_zero_point      | 0.647    |
| hdm_q_o1                  | -14.9    |
| hdm_q_o2                  | -14.7    |
| hdm_q_to_minimize         | 0.13     |
| hdm_weights               | -0.296   |
| Inner_Test_AgChangeRatio  | 0.872    |
| Inner_Train_AgChangeRatio | 0.85     |
| log_hdm_gamma             | -0.511   |
| Loss_hdm                  | -0.0558  |
| Loss_her                  | 0.185    |
| Loss_q                    | 0.13     |
| offset                    | 6.09     |
| opt_steps                 | 1.7e+05  |
| q_bg                      | -14.9    |
| q_o2_a2                   | -14.7    |
| q_o2_eps_greedy           | -14.7    |
| q_o2_max                  | -14.7    |
| q_o2_soft                 | -15      |
| q_o2_soft_kl              | -15      |
| q_o2_targ                 | -14.7    |
| q_targ                    | -14.9    |
| replay_fill_ratio         | 0.18     |
| replay_size               | 3.6e+03  |
| reward                    | -0.535   |
| TestAgChangeRatio         | 1        |
| TestBestSuccessRate       | 0.76     |
| TestFinalDist             | 0.168    |
| TestSuccessRate           | 0.58     |
| Time                      | 1.32e+03 |
| TimePerSeqRollout         | 0.314    |
| TimePerTrainIter          | 0.00526  |
| TotalTimeSteps            | 1.8e+05  |
| TrainAgChangeRatio        | 1        |
| TrainSuccess              | 0.65     |
----------------------------------------
Epoch 86 eval | final dist 0.223 | success rate 0.580 | best success 0.760
ckpt_name: Dec-16-11-59-7
Epoch 86: Iter (out of 40)= 0 1 2 3 4 5 6 7 8 9 10 11 12 13 14 15 16 17 18 19 20 21 22 23 24 25 26 27 28 29 30 31 32 33 34 35 36 37 38 39
----------------------------------------
| env_steps                 | 1.82e+05 |
| Epoch                     | 86       |
| exp_avg_reward            | 0.585    |
| exp_reward_avg            | 0.661    |
| hdm_gamma                 | 0.6      |
| hdm_gamma_auto            | 0.859    |
| hdm_gamma_zero_point      | 0.639    |
| hdm_q_o1                  | -15      |
| hdm_q_o2                  | -14.7    |
| hdm_q_to_minimize         | 0.132    |
| hdm_weights               | -0.299   |
| Inner_Test_AgChangeRatio  | 0.874    |
| Inner_Train_AgChangeRatio | 0.866    |
| log_hdm_gamma             | -0.511   |
| Loss_hdm                  | -0.0578  |
| Loss_her                  | 0.187    |
| Loss_q                    | 0.129    |
| offset                    | 6.13     |
| opt_steps                 | 1.72e+05 |
| q_bg                      | -15      |
| q_o2_a2                   | -14.7    |
| q_o2_eps_greedy           | -14.7    |
| q_o2_max                  | -14.7    |
| q_o2_soft                 | -15      |
| q_o2_soft_kl              | -15      |
| q_o2_targ                 | -14.7    |
| q_targ                    | -15      |
| replay_fill_ratio         | 0.182    |
| replay_size               | 3.64e+03 |
| reward                    | -0.537   |
| TestAgChangeRatio         | 1        |
| TestBestSuccessRate       | 0.76     |
| TestFinalDist             | 0.223    |
| TestSuccessRate           | 0.58     |
| Time                      | 1.33e+03 |
| TimePerSeqRollout         | 0.314    |
| TimePerTrainIter          | 0.00526  |
| TotalTimeSteps            | 1.82e+05 |
| TrainAgChangeRatio        | 1        |
| TrainSuccess              | 0.525    |
----------------------------------------
Epoch 87 eval | final dist 0.259 | success rate 0.580 | best success 0.760
ckpt_name: Dec-16-11-59-7
Epoch 87: Iter (out of 40)= 0 1 2 3 4 5 6 7 8 9 10 11 12 13 14 15 16 17 18 19 20 21 22 23 24 25 26 27 28 29 30 31 32 33 34 35 36 37 38 39
----------------------------------------
| env_steps                 | 1.84e+05 |
| Epoch                     | 87       |
| exp_avg_reward            | 0.584    |
| exp_reward_avg            | 0.66     |
| hdm_gamma                 | 0.6      |
| hdm_gamma_auto            | 0.859    |
| hdm_gamma_zero_point      | 0.647    |
| hdm_q_o1                  | -15      |
| hdm_q_o2                  | -14.7    |
| hdm_q_to_minimize         | 0.133    |
| hdm_weights               | -0.3     |
| Inner_Test_AgChangeRatio  | 0.866    |
| Inner_Train_AgChangeRatio | 0.863    |
| log_hdm_gamma             | -0.511   |
| Loss_hdm                  | -0.0594  |
| Loss_her                  | 0.183    |
| Loss_q                    | 0.124    |
| offset                    | 6.15     |
| opt_steps                 | 1.74e+05 |
| q_bg                      | -15      |
| q_o2_a2                   | -14.7    |
| q_o2_eps_greedy           | -14.8    |
| q_o2_max                  | -14.7    |
| q_o2_soft                 | -15      |
| q_o2_soft_kl              | -15.1    |
| q_o2_targ                 | -14.7    |
| q_targ                    | -15      |
| replay_fill_ratio         | 0.184    |
| replay_size               | 3.68e+03 |
| reward                    | -0.538   |
| TestAgChangeRatio         | 1        |
| TestBestSuccessRate       | 0.76     |
| TestFinalDist             | 0.259    |
| TestSuccessRate           | 0.58     |
| Time                      | 1.35e+03 |
| TimePerSeqRollout         | 0.314    |
| TimePerTrainIter          | 0.00526  |
| TotalTimeSteps            | 1.84e+05 |
| TrainAgChangeRatio        | 1        |
| TrainSuccess              | 0.725    |
----------------------------------------
Epoch 88 eval | final dist 0.287 | success rate 0.580 | best success 0.760
ckpt_name: Dec-16-11-59-7
Epoch 88: Iter (out of 40)= 0 1 2 3 4 5 6 7 8 9 10 11 12 13 14 15 16 17 18 19 20 21 22 23 24 25 26 27 28 29 30 31 32 33 34 35 36 37 38 39
----------------------------------------
| env_steps                 | 1.86e+05 |
| Epoch                     | 88       |
| exp_avg_reward            | 0.585    |
| exp_reward_avg            | 0.66     |
| hdm_gamma                 | 0.6      |
| hdm_gamma_auto            | 0.859    |
| hdm_gamma_zero_point      | 0.638    |
| hdm_q_o1                  | -15      |
| hdm_q_o2                  | -14.7    |
| hdm_q_to_minimize         | 0.134    |
| hdm_weights               | -0.304   |
| Inner_Test_AgChangeRatio  | 0.883    |
| Inner_Train_AgChangeRatio | 0.873    |
| log_hdm_gamma             | -0.511   |
| Loss_hdm                  | -0.061   |
| Loss_her                  | 0.187    |
| Loss_q                    | 0.126    |
| offset                    | 6.16     |
| opt_steps                 | 1.76e+05 |
| q_bg                      | -15      |
| q_o2_a2                   | -14.7    |
| q_o2_eps_greedy           | -14.7    |
| q_o2_max                  | -14.7    |
| q_o2_soft                 | -15      |
| q_o2_soft_kl              | -15.1    |
| q_o2_targ                 | -14.7    |
| q_targ                    | -15      |
| replay_fill_ratio         | 0.186    |
| replay_size               | 3.72e+03 |
| reward                    | -0.537   |
| TestAgChangeRatio         | 1        |
| TestBestSuccessRate       | 0.76     |
| TestFinalDist             | 0.287    |
| TestSuccessRate           | 0.58     |
| Time                      | 1.36e+03 |
| TimePerSeqRollout         | 0.313    |
| TimePerTrainIter          | 0.00526  |
| TotalTimeSteps            | 1.86e+05 |
| TrainAgChangeRatio        | 0.975    |
| TrainSuccess              | 0.65     |
----------------------------------------
Epoch 89 eval | final dist 0.318 | success rate 0.600 | best success 0.760
ckpt_name: Dec-16-11-59-7
Epoch 89: Iter (out of 40)= 0 1 2 3 4 5 6 7 8 9 10 11 12 13 14 15 16 17 18 19 20 21 22 23 24 25 26 27 28 29 30 31 32 33 34 35 36 37 38 39
----------------------------------------
| env_steps                 | 1.88e+05 |
| Epoch                     | 89       |
| exp_avg_reward            | 0.585    |
| exp_reward_avg            | 0.661    |
| hdm_gamma                 | 0.6      |
| hdm_gamma_auto            | 0.858    |
| hdm_gamma_zero_point      | 0.629    |
| hdm_q_o1                  | -14.9    |
| hdm_q_o2                  | -14.7    |
| hdm_q_to_minimize         | 0.136    |
| hdm_weights               | -0.307   |
| Inner_Test_AgChangeRatio  | 0.873    |
| Inner_Train_AgChangeRatio | 0.866    |
| log_hdm_gamma             | -0.511   |
| Loss_hdm                  | -0.063   |
| Loss_her                  | 0.191    |
| Loss_q                    | 0.128    |
| offset                    | 6.1      |
| opt_steps                 | 1.78e+05 |
| q_bg                      | -14.9    |
| q_o2_a2                   | -14.7    |
| q_o2_eps_greedy           | -14.7    |
| q_o2_max                  | -14.7    |
| q_o2_soft                 | -15      |
| q_o2_soft_kl              | -15      |
| q_o2_targ                 | -14.7    |
| q_targ                    | -14.9    |
| replay_fill_ratio         | 0.188    |
| replay_size               | 3.76e+03 |
| reward                    | -0.536   |
| TestAgChangeRatio         | 1        |
| TestBestSuccessRate       | 0.76     |
| TestFinalDist             | 0.318    |
| TestSuccessRate           | 0.6      |
| Time                      | 1.38e+03 |
| TimePerSeqRollout         | 0.314    |
| TimePerTrainIter          | 0.00526  |
| TotalTimeSteps            | 1.88e+05 |
| TrainAgChangeRatio        | 1        |
| TrainSuccess              | 0.65     |
----------------------------------------
Epoch 90 eval | final dist 0.399 | success rate 0.440 | best success 0.760
ckpt_name: Dec-16-11-59-7
Epoch 90: Iter (out of 40)= 0 1 2 3 4 5 6 7 8 9 10 11 12 13 14 15 16 17 18 19 20 21 22 23 24 25 26 27 28 29 30 31 32 33 34 35 36 37 38 39
----------------------------------------
| env_steps                 | 1.9e+05  |
| Epoch                     | 90       |
| exp_avg_reward            | 0.585    |
| exp_reward_avg            | 0.661    |
| hdm_gamma                 | 0.6      |
| hdm_gamma_auto            | 0.858    |
| hdm_gamma_zero_point      | 0.624    |
| hdm_q_o1                  | -14.9    |
| hdm_q_o2                  | -14.7    |
| hdm_q_to_minimize         | 0.137    |
| hdm_weights               | -0.309   |
| Inner_Test_AgChangeRatio  | 0.864    |
| Inner_Train_AgChangeRatio | 0.837    |
| log_hdm_gamma             | -0.511   |
| Loss_hdm                  | -0.0631  |
| Loss_her                  | 0.191    |
| Loss_q                    | 0.128    |
| offset                    | 6.11     |
| opt_steps                 | 1.8e+05  |
| q_bg                      | -14.9    |
| q_o2_a2                   | -14.7    |
| q_o2_eps_greedy           | -14.7    |
| q_o2_max                  | -14.7    |
| q_o2_soft                 | -15      |
| q_o2_soft_kl              | -15      |
| q_o2_targ                 | -14.7    |
| q_targ                    | -14.9    |
| replay_fill_ratio         | 0.19     |
| replay_size               | 3.8e+03  |
| reward                    | -0.536   |
| TestAgChangeRatio         | 1        |
| TestBestSuccessRate       | 0.76     |
| TestFinalDist             | 0.399    |
| TestSuccessRate           | 0.44     |
| Time                      | 1.39e+03 |
| TimePerSeqRollout         | 0.312    |
| TimePerTrainIter          | 0.00525  |
| TotalTimeSteps            | 1.9e+05  |
| TrainAgChangeRatio        | 1        |
| TrainSuccess              | 0.55     |
----------------------------------------
Epoch 91 eval | final dist 0.293 | success rate 0.520 | best success 0.760
ckpt_name: Dec-16-11-59-7
Epoch 91: Iter (out of 40)= 0 1 2 3 4 5 6 7 8 9 10 11 12 13 14 15 16 17 18 19 20 21 22 23 24 25 26 27 28 29 30 31 32 33 34 35 36 37 38 39
----------------------------------------
| env_steps                 | 1.92e+05 |
| Epoch                     | 91       |
| exp_avg_reward            | 0.585    |
| exp_reward_avg            | 0.661    |
| hdm_gamma                 | 0.6      |
| hdm_gamma_auto            | 0.859    |
| hdm_gamma_zero_point      | 0.63     |
| hdm_q_o1                  | -14.9    |
| hdm_q_o2                  | -14.7    |
| hdm_q_to_minimize         | 0.139    |
| hdm_weights               | -0.31    |
| Inner_Test_AgChangeRatio  | 0.889    |
| Inner_Train_AgChangeRatio | 0.889    |
| log_hdm_gamma             | -0.511   |
| Loss_hdm                  | -0.0643  |
| Loss_her                  | 0.191    |
| Loss_q                    | 0.127    |
| offset                    | 6.13     |
| opt_steps                 | 1.82e+05 |
| q_bg                      | -14.9    |
| q_o2_a2                   | -14.7    |
| q_o2_eps_greedy           | -14.7    |
| q_o2_max                  | -14.7    |
| q_o2_soft                 | -15      |
| q_o2_soft_kl              | -15      |
| q_o2_targ                 | -14.7    |
| q_targ                    | -14.9    |
| replay_fill_ratio         | 0.192    |
| replay_size               | 3.84e+03 |
| reward                    | -0.536   |
| TestAgChangeRatio         | 1        |
| TestBestSuccessRate       | 0.76     |
| TestFinalDist             | 0.293    |
| TestSuccessRate           | 0.52     |
| Time                      | 1.41e+03 |
| TimePerSeqRollout         | 0.312    |
| TimePerTrainIter          | 0.00523  |
| TotalTimeSteps            | 1.92e+05 |
| TrainAgChangeRatio        | 1        |
| TrainSuccess              | 0.625    |
----------------------------------------
Epoch 92 eval | final dist 0.419 | success rate 0.600 | best success 0.760
ckpt_name: Dec-16-11-59-7
Epoch 92: Iter (out of 40)= 0 1 2 3 4 5 6 7 8 9 10 11 12 13 14 15 16 17 18 19 20 21 22 23 24 25 26 27 28 29 30 31 32 33 34 35 36 37 38 39
----------------------------------------
| env_steps                 | 1.94e+05 |
| Epoch                     | 92       |
| exp_avg_reward            | 0.585    |
| exp_reward_avg            | 0.66     |
| hdm_gamma                 | 0.6      |
| hdm_gamma_auto            | 0.859    |
| hdm_gamma_zero_point      | 0.632    |
| hdm_q_o1                  | -15      |
| hdm_q_o2                  | -14.7    |
| hdm_q_to_minimize         | 0.14     |
| hdm_weights               | -0.312   |
| Inner_Test_AgChangeRatio  | 0.872    |
| Inner_Train_AgChangeRatio | 0.868    |
| log_hdm_gamma             | -0.511   |
| Loss_hdm                  | -0.0654  |
| Loss_her                  | 0.19     |
| Loss_q                    | 0.125    |
| offset                    | 6.15     |
| opt_steps                 | 1.84e+05 |
| q_bg                      | -15      |
| q_o2_a2                   | -14.7    |
| q_o2_eps_greedy           | -14.8    |
| q_o2_max                  | -14.7    |
| q_o2_soft                 | -15      |
| q_o2_soft_kl              | -15.1    |
| q_o2_targ                 | -14.7    |
| q_targ                    | -15      |
| replay_fill_ratio         | 0.194    |
| replay_size               | 3.88e+03 |
| reward                    | -0.537   |
| TestAgChangeRatio         | 1        |
| TestBestSuccessRate       | 0.76     |
| TestFinalDist             | 0.419    |
| TestSuccessRate           | 0.6      |
| Time                      | 1.42e+03 |
| TimePerSeqRollout         | 0.312    |
| TimePerTrainIter          | 0.00524  |
| TotalTimeSteps            | 1.94e+05 |
| TrainAgChangeRatio        | 1        |
| TrainSuccess              | 0.525    |
----------------------------------------
Epoch 93 eval | final dist 0.583 | success rate 0.460 | best success 0.760
ckpt_name: Dec-16-11-59-7
Epoch 93: Iter (out of 40)= 0 1 2 3 4 5 6 7 8 9 10 11 12 13 14 15 16 17 18 19 20 21 22 23 24 25 26 27 28 29 30 31 32 33 34 35 36 37 38 39
----------------------------------------
| env_steps                 | 1.96e+05 |
| Epoch                     | 93       |
| exp_avg_reward            | 0.585    |
| exp_reward_avg            | 0.66     |
| hdm_gamma                 | 0.6      |
| hdm_gamma_auto            | 0.858    |
| hdm_gamma_zero_point      | 0.631    |
| hdm_q_o1                  | -15      |
| hdm_q_o2                  | -14.7    |
| hdm_q_to_minimize         | 0.142    |
| hdm_weights               | -0.315   |
| Inner_Test_AgChangeRatio  | 0.892    |
| Inner_Train_AgChangeRatio | 0.872    |
| log_hdm_gamma             | -0.511   |
| Loss_hdm                  | -0.0665  |
| Loss_her                  | 0.193    |
| Loss_q                    | 0.126    |
| offset                    | 6.11     |
| opt_steps                 | 1.86e+05 |
| q_bg                      | -15      |
| q_o2_a2                   | -14.7    |
| q_o2_eps_greedy           | -14.7    |
| q_o2_max                  | -14.7    |
| q_o2_soft                 | -15      |
| q_o2_soft_kl              | -15      |
| q_o2_targ                 | -14.7    |
| q_targ                    | -15      |
| replay_fill_ratio         | 0.196    |
| replay_size               | 3.92e+03 |
| reward                    | -0.537   |
| TestAgChangeRatio         | 1        |
| TestBestSuccessRate       | 0.76     |
| TestFinalDist             | 0.583    |
| TestSuccessRate           | 0.46     |
| Time                      | 1.44e+03 |
| TimePerSeqRollout         | 0.313    |
| TimePerTrainIter          | 0.00525  |
| TotalTimeSteps            | 1.96e+05 |
| TrainAgChangeRatio        | 1        |
| TrainSuccess              | 0.4      |
----------------------------------------
Epoch 94 eval | final dist 0.269 | success rate 0.680 | best success 0.760
ckpt_name: Dec-16-11-59-7
Epoch 94: Iter (out of 40)= 0 1 2 3 4 5 6 7 8 9 10 11 12 13 14 15 16 17 18 19 20 21 22 23 24 25 26 27 28 29 30 31 32 33 34 35 36 37 38 39
----------------------------------------
| env_steps                 | 1.98e+05 |
| Epoch                     | 94       |
| exp_avg_reward            | 0.584    |
| exp_reward_avg            | 0.66     |
| hdm_gamma                 | 0.6      |
| hdm_gamma_auto            | 0.859    |
| hdm_gamma_zero_point      | 0.638    |
| hdm_q_o1                  | -15      |
| hdm_q_o2                  | -14.7    |
| hdm_q_to_minimize         | 0.143    |
| hdm_weights               | -0.314   |
| Inner_Test_AgChangeRatio  | 0.884    |
| Inner_Train_AgChangeRatio | 0.877    |
| log_hdm_gamma             | -0.511   |
| Loss_hdm                  | -0.0667  |
| Loss_her                  | 0.192    |
| Loss_q                    | 0.125    |
| offset                    | 6.13     |
| opt_steps                 | 1.88e+05 |
| q_bg                      | -15      |
| q_o2_a2                   | -14.7    |
| q_o2_eps_greedy           | -14.7    |
| q_o2_max                  | -14.7    |
| q_o2_soft                 | -15      |
| q_o2_soft_kl              | -15      |
| q_o2_targ                 | -14.7    |
| q_targ                    | -15      |
| replay_fill_ratio         | 0.198    |
| replay_size               | 3.96e+03 |
| reward                    | -0.537   |
| TestAgChangeRatio         | 1        |
| TestBestSuccessRate       | 0.76     |
| TestFinalDist             | 0.269    |
| TestSuccessRate           | 0.68     |
| Time                      | 1.45e+03 |
| TimePerSeqRollout         | 0.311    |
| TimePerTrainIter          | 0.00524  |
| TotalTimeSteps            | 1.98e+05 |
| TrainAgChangeRatio        | 1        |
| TrainSuccess              | 0.75     |
----------------------------------------
Epoch 95 eval | final dist 0.476 | success rate 0.420 | best success 0.760
ckpt_name: Dec-16-11-59-7
Epoch 95: Iter (out of 40)= 0 1 2 3 4 5 6 7 8 9 10 11 12 13 14 15 16 17 18 19 20 21 22 23 24 25 26 27 28 29 30 31 32 33 34 35 36 37 38 39
----------------------------------------
| env_steps                 | 2e+05    |
| Epoch                     | 95       |
| exp_avg_reward            | 0.585    |
| exp_reward_avg            | 0.66     |
| hdm_gamma                 | 0.6      |
| hdm_gamma_auto            | 0.858    |
| hdm_gamma_zero_point      | 0.63     |
| hdm_q_o1                  | -14.9    |
| hdm_q_o2                  | -14.7    |
| hdm_q_to_minimize         | 0.144    |
| hdm_weights               | -0.317   |
| Inner_Test_AgChangeRatio  | 0.875    |
| Inner_Train_AgChangeRatio | 0.869    |
| log_hdm_gamma             | -0.511   |
| Loss_hdm                  | -0.067   |
| Loss_her                  | 0.192    |
| Loss_q                    | 0.125    |
| offset                    | 6.12     |
| opt_steps                 | 1.9e+05  |
| q_bg                      | -14.9    |
| q_o2_a2                   | -14.7    |
| q_o2_eps_greedy           | -14.7    |
| q_o2_max                  | -14.7    |
| q_o2_soft                 | -15      |
| q_o2_soft_kl              | -15      |
| q_o2_targ                 | -14.7    |
| q_targ                    | -14.9    |
| replay_fill_ratio         | 0.2      |
| replay_size               | 4e+03    |
| reward                    | -0.537   |
| TestAgChangeRatio         | 1        |
| TestBestSuccessRate       | 0.76     |
| TestFinalDist             | 0.476    |
| TestSuccessRate           | 0.42     |
| Time                      | 1.47e+03 |
| TimePerSeqRollout         | 0.313    |
| TimePerTrainIter          | 0.00525  |
| TotalTimeSteps            | 2e+05    |
| TrainAgChangeRatio        | 1        |
| TrainSuccess              | 0.45     |
----------------------------------------
============================================
Job completed at: Tue Dec 16 12:23:53 CST 2025
============================================
